"pathway","pval","padj","log2err","ES","NES","size","TERM"
"GO:0051301",7.58086056476049e-25,1.54952789943704e-21,1.29512308741004,0.641785470158291,1.97617250528046,333,"cell division"
"GO:0000398",1.74873043477128e-19,1.78720250433625e-16,1.14219120216838,0.688298767724464,2.07202042623575,172,"mRNA splicing, via spliceosome"
"GO:0006281",2.59189914445136e-18,1.32446046281464e-15,1.10533657731401,0.637907293950169,1.94590417061434,232,"DNA repair"
"GO:0006364",2.15579227842754e-18,1.32446046281464e-15,1.10533657731401,0.739703883360544,2.19733432816585,115,"rRNA processing"
"GO:0006260",3.11805093682009e-16,1.27465922297205e-13,1.03769615548758,0.752579486597469,2.19665763699724,92,"DNA replication"
"GO:0006412",3.29872214856404e-14,1.12376467861082e-11,0.965327754226083,0.638322247086728,1.92812509473125,182,"translation"
"GO:0006457",1.12103669891451e-13,3.27342716083037e-11,0.954541630725724,0.694084310256001,2.06195266427509,116,"protein folding"
"GO:0008380",5.59305118153844e-12,1.42902457688307e-09,0.887074988399873,0.64404992407989,1.93387295336899,151,"RNA splicing"
"GO:0000278",7.3899374701709e-10,1.67833690989215e-07,0.801215574617779,0.64987241020809,1.9315142458654,114,"mitotic cell cycle"
"GO:0007049",2.19679258021377e-09,4.49024403395695e-07,0.774939030136436,0.545841487162076,1.6701719778215,273,"cell cycle"
"GO:0006397",6.74622335888304e-09,1.25357095868699e-06,0.761460801445585,0.601798161014382,1.80486651445307,149,"mRNA processing"
"GO:1904874",1.49766968744005e-08,2.55103070093955e-06,0.73376198835648,0.911002328363639,2.03893279950801,15,"positive regulation of telomerase RNA localization to Cajal body"
"GO:0006413",1.62772382905806e-08,2.55928269738052e-06,0.73376198835648,0.751706449603087,2.05735780326715,48,"translational initiation"
"GO:0006915",2.42966738296091e-08,3.54731437912294e-06,0.73376198835648,0.484662835676471,1.49776909799058,452,"apoptotic process"
"GO:0000724",2.60693925210399e-08,3.55238922086703e-06,0.73376198835648,0.687306895578843,1.9588716285951,72,"double-strand break repair via homologous recombination"
"GO:0006096",3.4673289709684e-08,4.42951276041213e-06,0.719512826338911,0.838689724135635,2.07540264034294,26,"glycolytic process"
"GO:0032981",5.81266680056043e-08,6.98887702373266e-06,0.719512826338911,0.725965778447493,2.00624230167216,52,"mitochondrial respiratory chain complex I assembly"
"GO:0001649",7.37736717437716e-08,8.28221758477327e-06,0.704975715167238,0.681285225526671,1.93741472927775,69,"osteoblast differentiation"
"GO:0007059",7.69873454553288e-08,8.28221758477327e-06,0.704975715167238,0.675911022293273,1.93038062318993,73,"chromosome segregation"
"GO:0006270",9.93327838921706e-08,9.6683909655046e-06,0.704975715167238,0.837285366363707,2.02778210523226,23,"DNA replication initiation"
"GO:1904871",9.56287372255843e-08,9.6683909655046e-06,0.704975715167238,0.934081160820407,1.94324960905029,11,"positive regulation of protein localization to Cajal body"
"GO:0008283",2.59577028473588e-07,2.31994618960649e-05,0.674962860011025,0.62452555022797,1.84094481523865,104,"cell population proliferation"
"GO:0043066",2.61050696482139e-07,2.31994618960649e-05,0.674962860011025,0.500789565252048,1.54177627004134,337,"negative regulation of apoptotic process"
"GO:0010498",3.12535418817691e-07,2.66175998359733e-05,0.674962860011025,0.776997055074254,1.98729840790368,32,"proteasomal protein catabolic process"
"GO:0000076",3.80934287153019e-07,3.11451873176309e-05,0.674962860011025,0.947943699716827,1.93735935772906,10,"DNA replication checkpoint signaling"
"GO:0000082",4.28211985123856e-07,3.21268102568483e-05,0.674962860011025,0.680628470984889,1.90099926219527,60,"G1/S transition of mitotic cell cycle"
"GO:0032543",4.40093291189703e-07,3.21268102568483e-05,0.674962860011025,0.759554993403804,1.99313307495669,37,"mitochondrial translation"
"GO:1904851",4.16369355244763e-07,3.21268102568483e-05,0.674962860011025,0.947759203691897,1.93698229409072,10,"positive regulation of establishment of protein localization to telomere"
"GO:0032508",8.83403967760129e-07,6.22647486241967e-05,0.659444398037935,0.666993149445721,1.88725431753862,66,"DNA duplex unwinding"
"GO:0006120",9.68275109664398e-07,6.59718108051343e-05,0.643551836150722,0.754843663853835,1.96974778879822,36,"mitochondrial electron transport, NADH to ubiquinone"
"GO:0042273",1.45461005490731e-06,9.59104178138887e-05,0.643551836150722,0.779374460207954,1.94988819982014,28,"ribosomal large subunit biogenesis"
"GO:0090305",1.61760375971408e-06,0.000103324440151737,0.643551836150722,0.6660989959854,1.86041835435557,60,"nucleic acid phosphodiester bond hydrolysis"
"GO:0006974",1.6940563509835e-06,0.0001049288236791,0.643551836150722,0.517443438628101,1.57806376466515,230,"cellular response to DNA damage stimulus"
"GO:0051131",1.75438627917326e-06,0.000105469575136181,0.643551836150722,0.858427708788807,1.97211632383881,17,"chaperone-mediated protein complex assembly"
"GO:0006310",2.10210011111979e-06,0.000122762646489396,0.627256739718528,0.682809028643073,1.8952338725068,56,"DNA recombination"
"GO:0006888",2.96371035406417e-06,0.000168272887880755,0.627256739718528,0.594452499488911,1.74953397353592,101,"endoplasmic reticulum to Golgi vesicle-mediated transport"
"GO:0006511",3.85978863556515e-06,0.000213227242462032,0.610526878385931,0.52020805483447,1.58020908573231,216,"ubiquitin-dependent protein catabolic process"
"GO:0006417",4.48789163874595e-06,0.000235211551528121,0.610526878385931,0.698044047008417,1.91048828687748,48,"regulation of translation"
"GO:0051028",4.47750885782329e-06,0.000235211551528121,0.610526878385931,0.64935373992739,1.85039376333353,70,"mRNA transport"
"GO:0000462",4.75942827593591e-06,0.000243206784900325,0.610526878385931,0.784559812035147,1.94145398297663,26,"maturation of SSU-rRNA from tricistronic rRNA transcript (SSU-rRNA, 5.8S rRNA, LSU-rRNA)"
"GO:0007004",5.16210947233635e-06,0.000257350042962329,0.610526878385931,0.810445078222707,1.93209210195114,21,"telomere maintenance via telomerase"
"GO:0048511",7.34603713827341e-06,0.000357507140729306,0.610526878385931,0.670791632091311,1.86187787390568,56,"rhythmic process"
"GO:0043161",8.80693049163921e-06,0.000418636416858385,0.593325476396405,0.540959149644072,1.62431890852544,155,"proteasome-mediated ubiquitin-dependent protein catabolic process"
"GO:0000387",9.52483013675442e-06,0.000432638951100578,0.593325476396405,0.77318621838243,1.89293791692556,25,"spliceosomal snRNP assembly"
"GO:0007339",9.49853822094936e-06,0.000432638951100578,0.593325476396405,0.809405678391916,1.89301817887051,19,"binding of sperm to zona pellucida"
"GO:0007595",1.19046083077995e-05,0.000528978682198743,0.593325476396405,0.727279883771204,1.86567945689335,33,"lactation"
"GO:0021762",1.5587740846118e-05,0.000677900899775854,0.575610261071129,0.717357048886286,1.85141300791097,34,"substantia nigra development"
"GO:0000070",1.82948731441138e-05,0.000779056681386845,0.575610261071129,0.724312049785071,1.85254779791381,32,"mitotic sister chromatid segregation"
"GO:0000463",1.89920236708799e-05,0.00079223870169956,0.575610261071129,0.855031254884911,1.88871910348555,14,"maturation of LSU-rRNA from tricistronic rRNA transcript (SSU-rRNA, 5.8S rRNA, LSU-rRNA)"
"GO:0006261",2.06491801719242e-05,0.000844138485428263,0.575610261071129,0.774585550294027,1.87593236542416,23,"DNA-dependent DNA replication"
"GO:1990830",2.11945541815358e-05,0.000849444485236455,0.575610261071129,0.617943217013826,1.77141733082619,75,"cellular response to leukemia inhibitory factor"
"GO:0051973",2.45466159514095e-05,0.000964870827013097,0.575610261071129,0.734550311362497,1.84410592793922,29,"positive regulation of telomerase activity"
"GO:0006406",2.64634756537147e-05,0.00102059140068288,0.575610261071129,0.692716099058816,1.84367323438099,41,"mRNA export from nucleus"
"GO:0031297",2.73561785552237e-05,0.00103548201790513,0.575610261071129,0.728774862860111,1.84613822066145,31,"replication fork processing"
"GO:0036297",2.93815047669009e-05,0.00107242492399188,0.575610261071129,0.707671765281093,1.82641644576692,34,"interstrand cross-link repair"
"GO:0048025",2.88988202030747e-05,0.00107242492399188,0.575610261071129,0.792632005712316,1.85378832398242,19,"negative regulation of mRNA splicing, via spliceosome"
"GO:0006446",3.08919118424273e-05,0.00109157007246092,0.557332238758646,0.729958662785386,1.83257848559921,29,"regulation of translational initiation"
"GO:0030307",3.09741018604372e-05,0.00109157007246092,0.557332238758646,0.631661033440182,1.76935392138714,61,"positive regulation of cell growth"
"GO:0006366",3.6329753208612e-05,0.00125861043319327,0.557332238758646,0.554536618696364,1.6488555407305,123,"transcription by RNA polymerase II"
"GO:0006606",3.87983190908078e-05,0.00131194730585967,0.557332238758646,0.613850628909908,1.75313809140176,73,"protein import into nucleus"
"GO:0051290",3.91530262511938e-05,0.00131194730585967,0.557332238758646,0.872480333218237,1.86068199848125,12,"protein heterotetramerization"
"GO:0042752",4.04389478958801e-05,0.00133318079837385,0.557332238758646,0.647930082876481,1.79561762431585,55,"regulation of circadian rhythm"
"GO:0045454",4.4720599276588e-05,0.00145093499875152,0.557332238758646,0.70774639197445,1.81017838971859,32,"cell redox homeostasis"
"GO:1902600",5.22971817227973e-05,0.00167024124127184,0.557332238758646,0.603064309588343,1.72821290984375,77,"proton transmembrane transport"
"GO:0098761",5.41650727996419e-05,0.00170328321234566,0.557332238758646,0.843316618797486,1.8375503002092,13,"cellular response to interleukin-7"
"GO:0007005",5.52165537097525e-05,0.00171003993610203,0.557332238758646,0.619136159971913,1.75184316663864,66,"mitochondrion organization"
"GO:0006418",6.07860512582808e-05,0.00185442819062576,0.557332238758646,0.801496812239431,1.84958491965737,18,"tRNA aminoacylation for protein translation"
"GO:0140289",7.06799747683352e-05,0.00212455688862466,0.538434096309916,-0.815765454457633,-2.11982351269245,12,"protein mono-ADP-ribosylation"
"GO:0006400",7.28293630087579e-05,0.00215743794188262,0.538434096309916,0.760881703591374,1.82585629480835,22,"tRNA modification"
"GO:0034599",8.04839238388442e-05,0.00235013057609425,0.538434096309916,0.605862619987203,1.72822994336948,71,"cellular response to oxidative stress"
"GO:0030150",8.41945991480703e-05,0.00239019112025911,0.538434096309916,0.770130260963772,1.80116179441578,19,"protein import into mitochondrial matrix"
"GO:0030490",8.33984019723306e-05,0.00239019112025911,0.538434096309916,0.824029818812711,1.87370116112561,16,"maturation of SSU-rRNA"
"GO:0042254",8.96513053068471e-05,0.00251023654859172,0.538434096309916,0.747200794008496,1.81571354535939,24,"ribosome biogenesis"
"GO:0000027",9.31656339226323e-05,0.00257338588834946,0.538434096309916,0.7730929682791,1.82653617217568,20,"ribosomal large subunit assembly"
"GO:0001833",0.000103140291373636,0.00278260091244419,0.538434096309916,0.858523776219876,1.83091775809792,12,"inner cell mass cell proliferation"
"GO:0006405",0.00010415591803927,0.00278260091244419,0.538434096309916,0.799838085337749,1.83751494549045,17,"RNA export from nucleus"
"GO:0051482",0.000104824006975637,0.00278260091244419,0.538434096309916,-0.728657665331585,-2.13202364506886,19,"positive regulation of cytosolic calcium ion concentration involved in phospholipase C-activating G protein-coupled signaling pathway"
"GO:0045740",0.000110082707771162,0.00288473147031095,0.538434096309916,0.734546063986646,1.81769109216468,26,"positive regulation of DNA replication"
"GO:1901998",0.000113840366724273,0.00294543936182803,0.538434096309916,0.69720258614932,1.80781354300749,35,"toxin transport"
"GO:0007080",0.000128112162850743,0.0032732657608365,0.518848077743792,0.682226341574566,1.80866763868979,39,"mitotic metaphase plate congression"
"GO:0000086",0.000132981807659774,0.00332598375802331,0.518848077743792,0.648837800376332,1.75435367277878,46,"G2/M transition of mitotic cell cycle"
"GO:0007052",0.000133429876789585,0.00332598375802331,0.518848077743792,0.641836530703985,1.76975812085904,51,"mitotic spindle organization"
"GO:0000727",0.000153563663030149,0.00373671580040029,0.518848077743792,0.852327595188362,1.81770356625231,12,"double-strand break repair via break-induced replication"
"GO:0050821",0.000153222971364752,0.00373671580040029,0.518848077743792,0.506587739174889,1.52122684970986,163,"protein stabilization"
"GO:0006139",0.000157682477690452,0.00379179981646217,0.518848077743792,0.714896124250133,1.78857223060728,28,"nucleobase-containing compound metabolic process"
"GO:0006099",0.000163073202541429,0.00383435536868885,0.518848077743792,0.713829371249624,1.78590336064295,28,"tricarboxylic acid cycle"
"GO:0006268",0.000164869329774623,0.00383435536868885,0.518848077743792,0.801987912028582,1.79494542190819,15,"DNA unwinding involved in DNA replication"
"GO:0006302",0.0001650798788868,0.00383435536868885,0.518848077743792,0.608882269355045,1.71820290949237,65,"double-strand break repair"
"GO:0070131",0.000167839868681889,0.00385465945602002,0.518848077743792,0.800733242652969,1.79213732091566,15,"positive regulation of mitochondrial translation"
"GO:0006611",0.000175102424794527,0.00397677062533348,0.518848077743792,0.725158968205594,1.79446199705537,26,"protein export from nucleus"
"GO:0000470",0.00017957199591581,0.0040334632928782,0.518848077743792,0.819569316172864,1.78580595876688,13,"maturation of LSU-rRNA"
"GO:0051085",0.000185739102789228,0.00412663832718675,0.518848077743792,0.702017117409433,1.76243057514771,29,"chaperone cofactor-dependent protein refolding"
"GO:0034605",0.000192400397368836,0.00422867109916023,0.518848077743792,0.681399615389426,1.77809717425299,36,"cellular response to heat"
"GO:0006626",0.000198584695855692,0.00431816083328759,0.518848077743792,0.708096442006703,1.76083385916728,27,"protein targeting to mitochondrion"
"GO:0042274",0.000211880512691739,0.00455877650465172,0.518848077743792,0.751012520585262,1.75644969139799,19,"ribosomal small subunit biogenesis"
"GO:2000234",0.00022916663006389,0.00487933949844366,0.518848077743792,0.879235279750004,1.79693656635731,10,"positive regulation of rRNA processing"
"GO:0000079",0.000238160838248235,0.00496735462632033,0.518848077743792,0.635051037589082,1.70374472806277,44,"regulation of cyclin-dependent protein serine/threonine kinase activity"
"GO:0000460",0.000236913127611791,0.00496735462632033,0.518848077743792,0.813849219603882,1.77334211667808,13,"maturation of 5.8S rRNA"
"GO:0045892",0.000248354604182293,0.00512764455503644,0.49849310876659,0.437433590847298,1.35026515778308,412,"negative regulation of transcription, DNA-templated"
"GO:0007007",0.000311532529807614,0.00636772490926762,0.49849310876659,0.741867953878265,1.73506260272741,19,"inner mitochondrial membrane organization"
"GO:0051726",0.000314982521027319,0.00637449775227563,0.49849310876659,0.488821520152802,1.47835737375379,198,"regulation of cell cycle"
"GO:0048146",0.000323567207924161,0.0064840330685979,0.49849310876659,0.674474532093315,1.76002632307817,36,"positive regulation of fibroblast proliferation"
"GO:0006289",0.000336592890229338,0.00667957153037637,0.49849310876659,0.677513368480678,1.73801421096733,33,"nucleotide-excision repair"
"GO:0030488",0.000347013255915317,0.00682014514510489,0.49849310876659,0.66934975575672,1.72751190857325,34,"tRNA methylation"
"GO:0000723",0.000368790709339241,0.00717912580847055,0.49849310876659,0.665961656951489,1.74753667166969,37,"telomere maintenance"
"GO:0007162",0.000450989798037493,0.00853431985460915,0.49849310876659,-0.593189126223283,-1.95084906660159,30,"negative regulation of cell adhesion"
"GO:0008033",0.000452644638191249,0.00853431985460915,0.49849310876659,0.761810548822494,1.75800237907505,18,"tRNA processing"
"GO:0031167",0.000445837450932554,0.00853431985460915,0.49849310876659,0.799075995739609,1.74115190324962,13,"rRNA methylation"
"GO:0090307",0.000455108054869079,0.00853431985460915,0.49849310876659,0.657792234780488,1.74388975553632,39,"mitotic spindle assembly"
"GO:0007623",0.000473214854816884,0.00879319239314283,0.49849310876659,0.650715438536587,1.73188791029748,41,"circadian rhythm"
"GO:0006335",0.000500428995720458,0.00921510691218574,0.477270815362862,0.79734380145776,1.73737752711179,13,"DNA replication-dependent nucleosome assembly"
"GO:0033574",0.000531894075372852,0.00965784507449471,0.477270815362862,0.716729207251033,1.73581280546305,23,"response to testosterone"
"GO:0045039",0.000533921963511694,0.00965784507449471,0.477270815362862,0.825768251621271,1.76106218353543,12,"protein insertion into mitochondrial inner membrane"
"GO:0043087",0.000541168273312513,0.00970305219869103,0.477270815362862,-0.432377891063025,-1.72837470769573,73,"regulation of GTPase activity"
"GO:0065003",0.000551782487772541,0.00980733395658324,0.477270815362862,0.539406280087785,1.58980184281712,105,"protein-containing complex assembly"
"GO:0032212",0.000600742657742211,0.0104950255762827,0.477270815362862,0.665578277460907,1.70739731281214,33,"positive regulation of telomere maintenance via telomerase"
"GO:0043928",0.000597480800137561,0.0104950255762827,0.477270815362862,0.794928337003558,1.73211433493221,13,"exonucleolytic catabolism of deadenylated mRNA"
"GO:0000077",0.000632467662871356,0.0109556262958394,0.477270815362862,0.65767179882266,1.68210434027773,32,"DNA damage checkpoint signaling"
"GO:0006968",0.000638428673956174,0.0109659513408943,0.477270815362862,-0.539776508671462,-1.82780846319174,37,"cellular defense response"
"GO:0061136",0.000677120099276421,0.011533612357675,0.477270815362862,0.78119167041463,1.77629462733099,16,"regulation of proteasomal protein catabolic process"
"GO:0000375",0.000694550335539611,0.0116430775196473,0.477270815362862,0.699945412015519,1.71362755657256,25,"RNA splicing, via transesterification reactions"
"GO:0071732",0.000694939069176603,0.0116430775196473,0.477270815362862,0.822470839048645,1.71105702959771,11,"cellular response to nitric oxide"
"GO:0017148",0.000750914819461116,0.0124786169998254,0.477270815362862,0.585219823122501,1.66233119543408,68,"negative regulation of translation"
"GO:0051881",0.000767633095565624,0.0126535648978721,0.477270815362862,0.687131873901725,1.71910987727745,28,"regulation of mitochondrial membrane potential"
"GO:0006338",0.000813138605352857,0.0131909151535019,0.477270815362862,0.533157210803502,1.56323944691658,98,"chromatin remodeling"
"GO:0048026",0.000810660531527274,0.0131909151535019,0.477270815362862,0.764080435867902,1.75536680010836,17,"positive regulation of mRNA splicing, via spliceosome"
"GO:0006890",0.000828312076138212,0.0133312589261929,0.477270815362862,0.620673759768821,1.66869564806446,45,"retrograde vesicle-mediated transport, Golgi to endoplasmic reticulum"
"GO:0008284",0.000876421235400981,0.0138868605051132,0.477270815362862,0.44042005760952,1.35333456722329,312,"positive regulation of cell population proliferation"
"GO:0015804",0.000874667536727677,0.0138868605051132,0.477270815362862,0.841030911235569,1.71885641152355,10,"neutral amino acid transport"
"GO:0009060",0.000894577042229269,0.0140655036485894,0.477270815362862,0.704365833617482,1.71162369639168,24,"aerobic respiration"
"GO:0071346",0.0009028348225688,0.0140869799796231,0.477270815362862,0.58088855033266,1.63396742523468,63,"cellular response to interferon-gamma"
"GO:0043525",0.000931206736184879,0.0144195952178931,0.477270815362862,0.609207732839251,1.63441109719366,44,"positive regulation of neuron apoptotic process"
"GO:0046488",0.000975163823853175,0.0149867282402698,0.477270815362862,-0.790282444474684,-2.02395342600806,11,"phosphatidylinositol metabolic process"
"GO:0014070",0.000988392825132904,0.0150588391052312,0.45505986738723,0.658256451645515,1.70682804639218,35,"response to organic cyclic compound"
"GO:0071897",0.000994590645404211,0.0150588391052312,0.45505986738723,0.703087333897621,1.70851691535276,24,"DNA biosynthetic process"
"GO:0043154",0.00102718444635186,0.0154379780025235,0.45505986738723,0.608173199043914,1.6673607105862,49,"negative regulation of cysteine-type endopeptidase activity involved in apoptotic process"
"GO:0034501",0.00109792877407564,0.0163807767460629,0.45505986738723,0.806691421429684,1.72037826989965,12,"protein localization to kinetochore"
"GO:0061077",0.00113514181953282,0.01681325999366,0.45505986738723,0.689081912963884,1.70518653135009,26,"chaperone-mediated protein folding"
"GO:0002181",0.00119288518373747,0.0172926050748893,0.45505986738723,0.547506910545087,1.58782645400978,85,"cytoplasmic translation"
"GO:0031100",0.00119270448548518,0.0172926050748893,0.45505986738723,0.679448692838931,1.69988761011793,28,"animal organ regeneration"
"GO:0051384",0.00118712615234986,0.0172926050748893,0.45505986738723,0.646194155173794,1.70825304240052,38,"response to glucocorticoid"
"GO:0042026",0.00124049485114959,0.0178561371531674,0.45505986738723,0.769109891036921,1.74882275248901,16,"protein refolding"
"GO:0006298",0.00127900446635237,0.0181444753287128,0.45505986738723,0.706593648507759,1.69558349860434,22,"mismatch repair"
"GO:0007017",0.00129035466143922,0.0181444753287128,0.45505986738723,0.757717935290992,1.69586388853181,15,"microtubule-based process"
"GO:0032922",0.00129006999870897,0.0181444753287128,0.45505986738723,0.590307206207332,1.6275424940368,53,"circadian regulation of gene expression"
"GO:0035999",0.00129603395205092,0.0181444753287128,0.45505986738723,0.826192037621476,1.6885294726315,10,"tetrahydrofolate interconversion"
"GO:0042769",0.00131094542731325,0.0182283840369271,0.45505986738723,0.779073998350544,1.69756841931512,13,"DNA damage response, detection of DNA damage"
"GO:0031334",0.00133807769081387,0.0184799378379969,0.45505986738723,0.611157373626168,1.67268671476474,48,"positive regulation of protein-containing complex assembly"
"GO:0051056",0.00138752914985357,0.0190342924986624,0.45505986738723,-0.381188765884191,-1.66303342694898,100,"regulation of small GTPase mediated signal transduction"
"GO:0030316",0.00139733776146806,0.0190410558962715,0.45505986738723,0.700786679237408,1.67066769172864,21,"osteoclast differentiation"
"GO:0043388",0.00142868557854584,0.0193392935268059,0.45505986738723,0.695501569595953,1.6844025867938,23,"positive regulation of DNA binding"
"GO:0009636",0.00152377799767113,0.0204908041265776,0.45505986738723,0.577142024832465,1.61662518472406,62,"response to toxic substance"
"GO:0009410",0.00166247824928994,0.0222098401408408,0.45505986738723,0.471194951683103,1.42504882166098,198,"response to xenobiotic stimulus"
"GO:0006986",0.00171721000823627,0.0227920601093178,0.45505986738723,0.605702378991939,1.6377223900627,46,"response to unfolded protein"
"GO:1902430",0.00174223428139715,0.0229750120721018,0.45505986738723,-0.67494365657969,-1.93620979528821,17,"negative regulation of amyloid-beta formation"
"GO:0006913",0.00185209777134532,0.0242672297732682,0.45505986738723,0.72921744323357,1.68278845974125,18,"nucleocytoplasmic transport"
"GO:0000184",0.00201234661303159,0.0260811553347132,0.431707695803346,0.642048512190091,1.64703678219544,33,"nuclear-transcribed mRNA catabolic process, nonsense-mediated decay"
"GO:0070534",0.00201605799554045,0.0260811553347132,0.431707695803346,0.620275232102198,1.6508708905857,41,"protein K63-linked ubiquitination"
"GO:1900087",0.0021269894163477,0.0273431846982057,0.431707695803346,0.671990931860268,1.66289357569828,26,"positive regulation of G1/S transition of mitotic cell cycle"
"GO:0006383",0.00221613668859436,0.0281353005682414,0.431707695803346,0.68390149167745,1.65630890288696,23,"transcription by RNA polymerase III"
"GO:0034644",0.00220891668695819,0.0281353005682414,0.431707695803346,0.591399213486328,1.62137334297016,49,"cellular response to UV"
"GO:0000245",0.00224468939427875,0.0283218834685541,0.431707695803346,0.685200326174241,1.66505111276032,24,"spliceosomal complex assembly"
"GO:0000380",0.00234372826282296,0.0292108571293301,0.431707695803346,0.696552548429995,1.6290800422061,19,"alternative mRNA splicing, via spliceosome"
"GO:0042776",0.00234007547427894,0.0292108571293301,0.431707695803346,0.767417538122949,1.67216949853832,13,"mitochondrial ATP synthesis coupled proton transport"
"GO:0006378",0.0024586927201651,0.0304547223725205,0.431707695803346,0.667943202441569,1.65287715594112,26,"mRNA polyadenylation"
"GO:0042307",0.00247332872496986,0.0304547223725205,0.431707695803346,0.628918182550251,1.62316283905344,34,"positive regulation of protein import into nucleus"
"GO:0031398",0.00251523331769025,0.0307852509063406,0.431707695803346,0.56065990793739,1.59030596354949,67,"positive regulation of protein ubiquitination"
"GO:0006119",0.00256512384559493,0.0312090067880717,0.431707695803346,0.76620675929274,1.69251046114185,14,"oxidative phosphorylation"
"GO:0071479",0.00259859081997255,0.0314291102723307,0.431707695803346,0.628767452603378,1.6081766968614,32,"cellular response to ionizing radiation"
"GO:0040008",0.00263371302962454,0.0316665260738385,0.431707695803346,0.573387881060028,1.58246659823476,54,"regulation of growth"
"GO:0006882",0.00266859151904643,0.0317127968891332,0.431707695803346,0.693820965269287,1.62269148240431,19,"cellular zinc ion homeostasis"
"GO:0007098",0.0026663754558281,0.0317127968891332,0.431707695803346,0.615471187789052,1.63941416280594,40,"centrosome cycle"
"GO:0000413",0.00268839558451212,0.0317634715303051,0.431707695803346,0.627288367458551,1.61895648063549,34,"protein peptidyl-prolyl isomerization"
"GO:0006513",0.00277328201891555,0.032578094521054,0.431707695803346,0.626761835367291,1.60304699924657,32,"protein monoubiquitination"
"GO:0033617",0.00288911935140097,0.0335531815583158,0.431707695803346,0.684516519888576,1.64260592788557,22,"mitochondrial cytochrome c oxidase assembly"
"GO:0051770",0.00288107781390941,0.0335531815583158,0.431707695803346,0.76052501127203,1.65715098176563,13,"positive regulation of nitric-oxide synthase biosynthetic process"
"GO:0006284",0.0029249962987098,0.0337779233591121,0.431707695803346,0.660473358673666,1.65241392183897,28,"base-excision repair"
"GO:0050911",0.00298703147909217,0.0343005187823842,0.431707695803346,-0.516380928384306,-1.75238123411195,33,"detection of chemical stimulus involved in sensory perception of smell"
"GO:0006094",0.00302561042200695,0.0345113207190074,0.431707695803346,0.683978405947478,1.6413146381594,22,"gluconeogenesis"
"GO:0010569",0.00303915740186953,0.0345113207190074,0.431707695803346,0.728212063892283,1.67296428541968,17,"regulation of double-strand break repair via homologous recombination"
"GO:0006164",0.00312066786805751,0.0352411332724285,0.431707695803346,0.803323498780914,1.64179191033367,10,"purine nucleotide biosynthetic process"
"GO:0010165",0.00320087257659659,0.035948261244854,0.431707695803346,0.71266043679747,1.64458046071838,18,"response to X-ray"
"GO:0051044",0.00322362157527965,0.0360059152998449,0.431707695803346,0.738112725307665,1.65198507018888,15,"positive regulation of membrane protein ectodomain proteolysis"
"GO:0006367",0.00324907485775424,0.0360929837459222,0.431707695803346,0.627773783255646,1.64732863566644,37,"transcription initiation from RNA polymerase II promoter"
"GO:0001541",0.00330038747887399,0.0364277425767001,0.431707695803346,0.664399562884105,1.64410814556417,26,"ovarian follicle development"
"GO:0007584",0.00331688653986614,0.0364277425767001,0.431707695803346,0.587735313133808,1.6205829577717,51,"response to nutrient"
"GO:0045943",0.00333267507917951,0.0364277425767001,0.431707695803346,0.771792678852694,1.64595199390198,12,"positive regulation of transcription by RNA polymerase I"
"GO:0051321",0.00340952170109861,0.0370694806225827,0.431707695803346,0.566853242915117,1.56443195373415,54,"meiotic cell cycle"
"GO:0007064",0.00344457168502654,0.0372524048899167,0.431707695803346,0.756560856582664,1.67120316902264,14,"mitotic sister chromatid cohesion"
"GO:0075522",0.0035799036295007,0.0385122264142075,0.431707695803346,0.782905553349131,1.62874595300987,11,"IRES-dependent viral translational initiation"
"GO:0035025",0.00359988236034146,0.038524395521141,0.431707695803346,-0.572037505568011,-1.73147442633673,24,"positive regulation of Rho protein signal transduction"
"GO:0006301",0.00363646982903916,0.0387132517216461,0.431707695803346,0.801216272617967,1.63748526814927,10,"postreplication repair"
"GO:0051591",0.00365862636518568,0.0387473175670442,0.431707695803346,0.65640552570722,1.6070318882431,25,"response to cAMP"
"GO:0006613",0.00368805010264217,0.0388576000505185,0.431707695803346,0.800799465435122,1.63663341872372,10,"cotranslational protein targeting to membrane"
"GO:0006334",0.00371569529342074,0.0389481086141128,0.431707695803346,0.570420640211798,1.5763856260376,52,"nucleosome assembly"
"GO:0006396",0.0037506396303869,0.0391138132883205,0.431707695803346,0.533233229161497,1.52702847204508,76,"RNA processing"
"GO:0007568",0.00382018482887967,0.0396368415747719,0.431707695803346,0.497167154709372,1.47696054225019,116,"aging"
"GO:0098742",0.00387877360379936,0.0400414810412419,0.431707695803346,-0.63580093528613,-1.87371739580178,18,"cell-cell adhesion via plasma-membrane adhesion molecules"
"GO:0150104",0.00395500846124295,0.0406233029888472,0.407017918923954,0.555257589062284,1.55532497005017,62,"transport across blood-brain barrier"
"GO:0009303",0.00401378557350823,0.0407747482166897,0.407017918923954,0.750767206163195,1.63588914806348,13,"rRNA transcription"
"GO:0032496",0.00404547705768449,0.0407747482166897,0.407017918923954,0.51706048878787,1.51432347814431,96,"response to lipopolysaccharide"
"GO:0042532",0.00406303386215311,0.0407747482166897,0.407017918923954,0.750171501005494,1.63459113238708,13,"negative regulation of tyrosine phosphorylation of STAT protein"
"GO:0046596",0.00406949541888684,0.0407747482166897,0.407017918923954,-0.744674816851812,-1.90714997829796,11,"regulation of viral entry into host cell"
"GO:0060416",0.00399753197528209,0.0407747482166897,0.407017918923954,0.798190785275583,1.63130193023984,10,"response to growth hormone"
"GO:0007094",0.00409240458045354,0.0408042681094978,0.407017918923954,0.666511917534795,1.6141939099817,23,"mitotic spindle assembly checkpoint signaling"
"GO:0045047",0.00412858958674795,0.0409652287151107,0.407017918923954,0.749047944373835,1.65460754081542,14,"protein targeting to ER"
"GO:0001732",0.00418763447011798,0.0412702913588178,0.407017918923954,0.735619904440931,1.67267232038281,16,"formation of cytoplasmic translation initiation complex"
"GO:0014067",0.00419971653749222,0.0412702913588178,0.407017918923954,-0.742552305970018,-1.90171412026899,11,"negative regulation of phosphatidylinositol 3-kinase signaling"
"GO:0006368",0.00423068561178809,0.0413757004329897,0.407017918923954,0.658298781127307,1.62901128888184,26,"transcription elongation from RNA polymerase II promoter"
"GO:0008344",0.00429871752989859,0.0418408506243463,0.407017918923954,0.648761922555665,1.61328583510049,27,"adult locomotory behavior"
"GO:0007129",0.0043857373432149,0.0423312952736558,0.407017918923954,0.679621555975784,1.5894822516818,19,"homologous chromosome pairing at meiosis"
"GO:0071353",0.00439052573288406,0.0423312952736558,0.407017918923954,0.675312695148799,1.62051989104421,22,"cellular response to interleukin-4"
"GO:0006730",0.0044217666751416,0.0424323525069927,0.407017918923954,0.670400410009692,1.62908700717366,24,"one-carbon metabolic process"
"GO:0090656",0.00453542537400738,0.0433196703947247,0.407017918923954,0.763196647933066,1.62761979845691,12,"t-circle formation"
"GO:0035970",0.00458091413597577,0.0434374667099684,0.407017918923954,0.731506280593015,1.63719905219809,15,"peptidyl-threonine dephosphorylation"
"GO:0071466",0.00459026066993795,0.0434374667099684,0.407017918923954,0.581648066920892,1.58174357082646,47,"cellular response to xenobiotic stimulus"
"GO:0045672",0.0046717489497616,0.0440048610751738,0.407017918923954,0.731484460381539,1.66326903647372,16,"positive regulation of osteoclast differentiation"
"GO:0008584",0.00470858521982412,0.0441483861895435,0.407017918923954,0.551530024623292,1.53289708273781,58,"male gonad development"
"GO:0071480",0.00481805222742021,0.044968487455922,0.407017918923954,0.650231538242298,1.6267902892677,28,"cellular response to gamma radiation"
"GO:0071456",0.00489713464590559,0.0454988328010501,0.407017918923954,0.520144316451721,1.50847211178144,85,"cellular response to hypoxia"
"GO:0008285",0.00495993741455881,0.0458738102957385,0.407017918923954,0.427092599697011,1.30939083027251,290,"negative regulation of cell population proliferation"
"GO:0000381",0.0049926920715379,0.0459687504244301,0.407017918923954,0.579437967233576,1.58587334727101,48,"regulation of alternative mRNA splicing, via spliceosome"
"GO:0045727",0.00515144600901605,0.0470003920654435,0.407017918923954,0.540553828924297,1.53720778153645,69,"positive regulation of translation"
"GO:0045893",0.00517332248474858,0.0470003920654435,0.407017918923954,0.402249954279216,1.24367476397704,493,"positive regulation of transcription, DNA-templated"
"GO:0071276",0.00518800480584257,0.0470003920654435,0.407017918923954,0.64907045413348,1.58907394386284,25,"cellular response to cadmium ion"
"GO:0106074",0.00519671653952556,0.0470003920654435,0.407017918923954,0.740861688959702,1.61430545611993,13,"aminoacyl-tRNA metabolism involved in translational fidelity"
"GO:0051276",0.00522818062811905,0.0470766572857945,0.407017918923954,0.771961315852679,1.60597771173879,11,"chromosome organization"
"GO:0033365",0.005343721185936,0.0479059916844438,0.407017918923954,-0.685273927191482,-1.79803820534744,13,"protein localization to organelle"
"GO:0016446",0.00543523065051908,0.0485135871164236,0.407017918923954,0.771721331650242,1.60547845190236,11,"somatic hypermutation of immunoglobulin genes"
"GO:0006911",0.00546556359281655,0.048572226016161,0.407017918923954,-0.539181008456193,-1.65835465235359,25,"phagocytosis, engulfment"
"GO:0001975",0.00558955197525638,0.0490345246241375,0.407017918923954,0.656319690886005,1.58950983494448,23,"response to amphetamine"
"GO:0042220",0.00557559372033747,0.0490345246241375,0.407017918923954,0.699888208497694,1.61510645596509,18,"response to cocaine"
"GO:0097193",0.00554890068816361,0.0490345246241375,0.407017918923954,0.647956137425101,1.58634583994866,25,"intrinsic apoptotic signaling pathway"
"GO:0016973",0.00586151481144043,0.0509827075514223,0.407017918923954,0.697843710280803,1.61038844210342,18,"poly(A)+ mRNA export from nucleus"
"GO:0050852",0.00584700906443305,0.0509827075514223,0.407017918923954,-0.373389731997613,-1.54986049588205,82,"T cell receptor signaling pathway"
"GO:1903827",0.00589247455424027,0.0510348219867251,0.407017918923954,0.756627185645441,1.61360953398115,12,"regulation of cellular protein localization"
"GO:1904667",0.00609392185186359,0.0525568618785197,0.407017918923954,0.753738644918569,1.60744933124908,12,"negative regulation of ubiquitin protein ligase activity"
"GO:0015698",0.00622574784308478,0.0534681873582575,0.407017918923954,0.65433227042787,1.58469659467721,23,"inorganic anion transport"
"GO:0032465",0.00631605666668299,0.0540168193585776,0.407017918923954,0.585789122759395,1.55584962477158,42,"regulation of cytokinesis"
"GO:0016310",0.0064275223790723,0.0547410655950991,0.407017918923954,0.493814664309793,1.45009087153429,99,"phosphorylation"
"GO:0071712",0.00649681688823134,0.0548739409898548,0.407017918923954,0.751689383222411,1.60307900425941,12,"ER-associated misfolded protein catabolic process"
"GO:0098789",0.00649681688823134,0.0548739409898548,0.407017918923954,0.751874694885123,1.60347420637663,12,"pre-mRNA cleavage required for polyadenylation"
"GO:0007281",0.0065625062169313,0.055200669577809,0.407017918923954,0.664226330313267,1.58350822429647,21,"germ cell development"
"GO:0019886",0.00661069767700022,0.0553781395565101,0.407017918923954,-0.552987554607755,-1.67381299227062,24,"antigen processing and presentation of exogenous peptide antigen via MHC class II"
"GO:1903799",0.00667753502142276,0.0557097207501556,0.407017918923954,0.764774283362308,1.59102590812369,11,"negative regulation of production of miRNAs involved in gene silencing by miRNA"
"GO:0001510",0.006762691223489,0.0559633233231236,0.407017918923954,0.667557555411984,1.56126726260173,19,"RNA methylation"
"GO:0032259",0.00674763215349457,0.0559633233231236,0.407017918923954,0.605104747848075,1.5996307274003,38,"methylation"
"GO:0007062",0.00702141549986419,0.0578700535553323,0.407017918923954,0.661300501681227,1.576533081201,21,"sister chromatid cohesion"
"GO:0032204",0.00730260838476891,0.0597721949973958,0.407017918923954,0.747939280369942,1.59508140407935,12,"regulation of telomere maintenance"
"GO:0045739",0.00731068921201025,0.0597721949973958,0.407017918923954,0.630318575163724,1.56742249129936,27,"positive regulation of DNA repair"
"GO:1901800",0.00734631745707464,0.0598241947500421,0.407017918923954,0.720428654216546,1.63813004711242,16,"positive regulation of proteasomal protein catabolic process"
"GO:0097421",0.00739930254828919,0.0600165651139012,0.407017918923954,0.629281310186578,1.56484310919215,27,"liver regeneration"
"GO:0046655",0.00757229783296523,0.0609361290180352,0.407017918923954,0.729223654204889,1.58894668364839,13,"folic acid metabolic process"
"GO:2001243",0.0075721071986296,0.0609361290180352,0.407017918923954,0.655985713115971,1.56386268404961,21,"negative regulation of intrinsic apoptotic signaling pathway"
"GO:0042795",0.00771279242468382,0.0614276438433751,0.407017918923954,0.761283265848246,1.58376324326764,11,"snRNA transcription by RNA polymerase II"
"GO:0045597",0.00771824904155377,0.0614276438433751,0.407017918923954,0.704783655144368,1.61914082788181,17,"positive regulation of cell differentiation"
"GO:0048208",0.00772353447541458,0.0614276438433751,0.407017918923954,0.77401663282052,1.58189602091424,10,"COPII vesicle coating"
"GO:0022900",0.00781168934682397,0.0618879574608845,0.407017918923954,0.570602165570449,1.57334113592826,51,"electron transport chain"
"GO:0045190",0.00784307404017345,0.0618966924251526,0.380730400722792,0.718092575104522,1.60717756571896,15,"isotype switching"
"GO:0010950",0.00800767712938395,0.0627081299181343,0.380730400722792,0.741753219589961,1.58188879503524,12,"positive regulation of endopeptidase activity"
"GO:0045596",0.0080379305472364,0.0627081299181343,0.380730400722792,0.717801837093414,1.6065268590759,15,"negative regulation of cell differentiation"
"GO:0071816",0.00800235286729264,0.0627081299181343,0.380730400722792,0.702921896129708,1.61486369970168,17,"tail-anchored membrane protein insertion into ER membrane"
"GO:0008053",0.00823278711216232,0.0639840945142958,0.380730400722792,0.71611313041537,1.6027473303882,15,"mitochondrial fusion"
"GO:0007156",0.00836274874780398,0.0647479486383005,0.380730400722792,-0.402255041972328,-1.55018481901462,65,"homophilic cell adhesion via plasma membrane adhesion molecules"
"GO:0045332",0.00844149561220847,0.0651110076654872,0.380730400722792,-0.567624157304079,-1.70928495064279,21,"phospholipid translocation"
"GO:0006865",0.0085263054504095,0.0652165659061223,0.380730400722792,0.649776556927416,1.57897061316115,24,"amino acid transport"
"GO:0019985",0.008511298178203,0.0652165659061223,0.380730400722792,0.738970800202168,1.57595491037335,12,"translesion synthesis"
"GO:0032869",0.00858280637414232,0.0652165659061223,0.380730400722792,0.510831953084145,1.48095666985606,84,"cellular response to insulin stimulus"
"GO:0042981",0.00858159889652266,0.0652165659061223,0.380730400722792,0.462062730318043,1.3787144134566,133,"regulation of apoptotic process"
"GO:0051225",0.00877497015323315,0.0664297740489206,0.380730400722792,0.599297393721341,1.5467151149702,34,"spindle assembly"
"GO:0043967",0.00892001098221221,0.0672786068178662,0.380730400722792,0.605511138865605,1.55330804262565,33,"histone H4 acetylation"
"GO:0051000",0.00900666068705228,0.0676824060453488,0.380730400722792,0.680827153570768,1.57111995569805,18,"positive regulation of nitric-oxide synthase activity"
"GO:0006979",0.00905524152366734,0.0677982185874581,0.380730400722792,0.510103003699645,1.4788433673376,84,"response to oxidative stress"
"GO:0006275",0.00918905534834884,0.0684773195709092,0.380730400722792,0.673437806448539,1.59108744182087,20,"regulation of DNA replication"
"GO:0009408",0.00926233196483232,0.0684773195709092,0.380730400722792,0.596445041466223,1.52550678740294,32,"response to heat"
"GO:0018279",0.00922496862262972,0.0684773195709092,0.380730400722792,0.642528507678805,1.55610961604541,23,"protein N-linked glycosylation via asparagine"
"GO:0071577",0.00927994986357234,0.0684773195709092,0.380730400722792,0.72914442808411,1.61064171941629,14,"zinc ion transmembrane transport"
"GO:0071230",0.00941413882969441,0.0692176250643719,0.380730400722792,0.579158390364194,1.54268873427164,40,"cellular response to amino acid stimulus"
"GO:2001240",0.00955937141242859,0.0700335310645306,0.380730400722792,0.670659661537768,1.58452370061603,20,"negative regulation of extrinsic apoptotic signaling pathway in absence of ligand"
"GO:0031647",0.00987220837869266,0.0720671211644564,0.380730400722792,0.506809738062093,1.4444423930149,72,"regulation of protein stability"
"GO:0048247",0.00994789089534043,0.0723611707831881,0.380730400722792,0.722684917744503,1.57469906077704,13,"lymphocyte chemotaxis"
"GO:0033209",0.00999067195256801,0.0724146576987554,0.380730400722792,0.55977434520687,1.50496617432764,45,"tumor necrosis factor-mediated signaling pathway"
"GO:0006122",0.0101079497838443,0.0728266076649512,0.380730400722792,0.76510750095567,1.56368798810304,10,"mitochondrial electron transport, ubiquinol to cytochrome c"
"GO:0010628",0.0101187654485549,0.0728266076649512,0.380730400722792,0.419962685522274,1.28673543148288,287,"positive regulation of gene expression"
"GO:0016226",0.0102005779456885,0.072902032590865,0.380730400722792,0.651236120588157,1.56274433275246,22,"iron-sulfur cluster assembly"
"GO:0046686",0.0102005779456885,0.072902032590865,0.380730400722792,0.65154090878759,1.56347572036487,22,"response to cadmium ion"
"GO:0000165",0.0102503324596117,0.0730023677611372,0.380730400722792,0.495728448606611,1.44300492836351,88,"MAPK cascade"
"GO:0000731",0.0104260532590223,0.0733288795514418,0.380730400722792,0.732711885568212,1.56260693065846,12,"DNA synthesis involved in DNA repair"
"GO:0044030",0.0104044700324006,0.0733288795514418,0.380730400722792,0.749459781937762,1.55916582984108,11,"regulation of DNA methylation"
"GO:0045292",0.0103620811427148,0.0733288795514418,0.380730400722792,0.725220822014017,1.60197467982353,14,"mRNA cis splicing, via spliceosome"
"GO:0090502",0.010439679035944,0.0733288795514418,0.380730400722792,0.559267433915654,1.54208748732114,51,"RNA phosphodiester bond hydrolysis, endonucleolytic"
"GO:0016070",0.0105226313397406,0.0734070254553917,0.380730400722792,0.761482198652917,1.55627877873446,10,"RNA metabolic process"
"GO:0034975",0.0105226313397406,0.0734070254553917,0.380730400722792,0.763333543803728,1.56006246425648,10,"protein folding in endoplasmic reticulum"
"GO:0045070",0.0105972484639739,0.0736761083685806,0.380730400722792,0.620583418891207,1.54321393470733,27,"positive regulation of viral genome replication"
"GO:0051298",0.0108539482977653,0.0752049841377367,0.380730400722792,0.707669346579207,1.60911759029418,16,"centrosome duplication"
"GO:0060326",0.0109222308962193,0.0754224322698384,0.380730400722792,-0.431624501598328,-1.52297874280426,42,"cell chemotaxis"
"GO:0000338",0.0111477183009716,0.0762569120238082,0.380730400722792,0.75937386239534,1.55196986779484,10,"protein deneddylation"
"GO:0010824",0.0111549983831305,0.0762569120238082,0.380730400722792,0.652515419176906,1.52608708274603,19,"regulation of centrosome duplication"
"GO:0030163",0.0111526038896261,0.0762569120238082,0.380730400722792,0.640929424788549,1.55747189716548,24,"protein catabolic process"
"GO:0000226",0.0111935539874569,0.0762654145012065,0.380730400722792,0.490353502059409,1.44218407144766,100,"microtubule cytoskeleton organization"
"GO:0000244",0.0112405251503655,0.0763053202268954,0.380730400722792,0.717618724275754,1.56366004515478,13,"spliceosomal tri-snRNP complex assembly"
"GO:0001889",0.0112740737321538,0.0763053202268954,0.380730400722792,0.527124543796781,1.46506561628714,58,"liver development"
"GO:0044772",0.0113424729714155,0.0765149001768098,0.380730400722792,0.651739198785264,1.52427167750313,19,"mitotic cell cycle phase transition"
"GO:0007346",0.0115148550942506,0.077392940082007,0.380730400722792,0.591505055946468,1.56367912542336,38,"regulation of mitotic cell cycle"
"GO:0014032",0.0115483594545069,0.077392940082007,0.380730400722792,0.74810779417431,1.55635317307959,11,"neural crest cell development"
"GO:0032733",0.0120993306051096,0.0808203652184444,0.380730400722792,0.595199727115411,1.52685634293866,33,"positive regulation of interleukin-10 production"
"GO:0007229",0.0121981397872475,0.081214976303368,0.380730400722792,-0.360597363648042,-1.44283781801201,75,"integrin-mediated signaling pathway"
"GO:0002381",0.0123215783586326,0.0816513620026107,0.380730400722792,-0.653474097248274,-1.69809808531712,12,"immunoglobulin production involved in immunoglobulin-mediated immune response"
"GO:0009314",0.0123435767410992,0.0816513620026107,0.380730400722792,0.659108650712822,1.5572328831301,20,"response to radiation"
"GO:0006123",0.012652913451004,0.0818435287780135,0.380730400722792,0.726349289808843,1.5490378369582,12,"mitochondrial electron transport, cytochrome c to oxygen"
"GO:0006541",0.012614003730481,0.0818435287780135,0.380730400722792,0.701999943547462,1.59622634922384,16,"glutamine metabolic process"
"GO:0007099",0.0124673218713358,0.0818435287780135,0.380730400722792,0.648607789848492,1.51694801496772,19,"centriole replication"
"GO:0008637",0.012630514206568,0.0818435287780135,0.380730400722792,0.703205997764222,1.573859614857,15,"apoptotic mitochondrial changes"
"GO:0015986",0.0124341795748564,0.0818435287780135,0.380730400722792,0.716104206923651,1.56035997759652,13,"ATP synthesis coupled proton transport"
"GO:0060999",0.0125471419095887,0.0818435287780135,0.380730400722792,0.664257889909581,1.53288367112453,18,"positive regulation of dendritic spine development"
"GO:1903543",0.0125331239085871,0.0818435287780135,0.380730400722792,0.719921468406371,1.59026868622657,14,"positive regulation of exosomal secretion"
"GO:0045116",0.0128553557817443,0.0828906852299224,0.380730400722792,0.724443581792533,1.54497365755461,12,"protein neddylation"
"GO:0034472",0.0130229847357827,0.0834450808775544,0.380730400722792,0.752499907268029,1.53792122619884,10,"snRNA 3'-end processing"
"GO:1901838",0.0130229847357827,0.0834450808775544,0.380730400722792,0.753554193089472,1.54007592220294,10,"positive regulation of transcription of nucleolar large rRNA by RNA polymerase I"
"GO:0007169",0.0133048886591406,0.0849166594286545,0.380730400722792,-0.333866113783929,-1.43264697584613,94,"transmembrane receptor protein tyrosine kinase signaling pathway"
"GO:0050679",0.0133357376108601,0.0849166594286545,0.380730400722792,0.593625199313904,1.52281723194559,33,"positive regulation of epithelial cell proliferation"
"GO:0006303",0.0134664117673486,0.0852177883977106,0.380730400722792,0.585688344000196,1.51159178033767,34,"double-strand break repair via nonhomologous end joining"
"GO:0032700",0.0134397114955682,0.0852177883977106,0.380730400722792,0.749665669050352,1.53212875357131,10,"negative regulation of interleukin-17 production"
"GO:0042176",0.0136093493172526,0.0858565123594578,0.380730400722792,0.687501413124153,1.57943731965199,17,"regulation of protein catabolic process"
"GO:0000266",0.0139147009854663,0.0875127655824402,0.380730400722792,0.714074593404162,1.57735324664553,14,"mitochondrial fission"
"GO:0070979",0.0141256430096957,0.0885669150669265,0.380730400722792,0.615026385762532,1.5387118174958,28,"protein K11-linked ubiquitination"
"GO:0002098",0.0143928783992762,0.0894195849486949,0.380730400722792,0.698061666509025,1.56234598267277,15,"tRNA wobble uridine modification"
"GO:0016579",0.0143578503353466,0.0894195849486949,0.380730400722792,0.512637291785901,1.46954373491736,75,"protein deubiquitination"
"GO:0080009",0.0143928783992762,0.0894195849486949,0.380730400722792,0.697928662316299,1.56204830328977,15,"mRNA methylation"
"GO:1902476",0.0144557388984858,0.0895379706318331,0.380730400722792,-0.45864242662299,-1.55644087030175,33,"chloride transmembrane transport"
"GO:1902042",0.0145295495384551,0.0897232605939641,0.380730400722792,0.642967143903644,1.5037558103672,19,"negative regulation of extrinsic apoptotic signaling pathway via death domain receptors"
"GO:0001825",0.0145886968738837,0.0898171578621031,0.380730400722792,0.697359693563516,1.56077488277719,15,"blastocyst formation"
"GO:0042157",0.0148610221437663,0.0912190067923672,0.380730400722792,-0.686279718588727,-1.75759716965596,11,"lipoprotein metabolic process"
"GO:0001682",0.0150204385058491,0.0919214859459748,0.380730400722792,0.711290900616718,1.5498719921209,13,"tRNA 5'-leader removal"
"GO:0071398",0.0151320501452466,0.0923280910354745,0.380730400722792,0.684651188161033,1.57288933067303,17,"cellular response to fatty acid"
"GO:0006464",0.015309742631202,0.0931342676731453,0.380730400722792,0.494068382735937,1.41487147896131,76,"cellular protein modification process"
"GO:0006891",0.0155840903201941,0.0945219009331657,0.380730400722792,0.611721589561804,1.52117709309695,27,"intra-Golgi vesicle-mediated transport"
"GO:0070936",0.0157610123375802,0.0953121574497453,0.352487857583619,0.525739127688681,1.46839242912828,60,"protein K48-linked ubiquitination"
"GO:0071902",0.0160056400235293,0.0965059829147314,0.352487857583619,0.550190635742954,1.50582584242554,48,"positive regulation of protein serine/threonine kinase activity"
"GO:0042407",0.0160944403439293,0.0967559884205635,0.352487857583619,0.71717530877706,1.52947308493992,12,"cristae formation"
"GO:0045663",0.0162271999019513,0.0972680252187344,0.352487857583619,-0.635999961135129,-1.66875198857655,13,"positive regulation of myoblast differentiation"
"GO:0006783",0.0163490197593244,0.0977116853452019,0.352487857583619,0.624018866881255,1.5112819863132,23,"heme biosynthetic process"
"GO:0007204",0.0165215318865338,0.0981686371397533,0.352487857583619,-0.337996631220131,-1.42272863705123,86,"positive regulation of cytosolic calcium ion concentration"
"GO:0032434",0.016499326652149,0.0981686371397533,0.352487857583619,0.716269571454606,1.52754147792589,12,"regulation of proteasomal ubiquitin-dependent protein catabolic process"
"GO:1904262",0.016626229407737,0.0985043852446793,0.352487857583619,-0.646499598451782,-1.73988994999961,14,"negative regulation of TORC1 signaling"
"GO:0010971",0.0167323804007524,0.0988467790148494,0.352487857583619,0.611186158249088,1.51242745686255,26,"positive regulation of G2/M transition of mitotic cell cycle"
"GO:0007088",0.016879233744016,0.0994269561174893,0.352487857583619,0.626335770759843,1.49317754943788,21,"regulation of mitotic nuclear division"
"GO:0043687",0.017225767005384,0.101176631491393,0.352487857583619,0.681161199362921,1.56487157471256,17,"post-translational protein modification"
"GO:0006953",0.017358128583799,0.101661933596806,0.352487857583619,-0.611223618038812,-1.68192134083237,15,"acute-phase response"
"GO:0035914",0.0175015426312182,0.102209008966315,0.352487857583619,0.606596165493543,1.51762056051517,28,"skeletal muscle cell differentiation"
"GO:0007095",0.0176366043946425,0.102704328725497,0.352487857583619,0.576139244560411,1.48694669328639,34,"mitotic G2 DNA damage checkpoint signaling"
"GO:0008630",0.0179858327860024,0.1044404608369,0.352487857583619,0.575633505385148,1.48564144077769,34,"intrinsic apoptotic signaling pathway in response to DNA damage"
"GO:0032786",0.0182853202810837,0.105878738398116,0.352487857583619,0.690747337542589,1.57063987109444,16,"positive regulation of DNA-templated transcription, elongation"
"GO:0000302",0.0184404477951695,0.106147556351355,0.352487857583619,0.735603532413021,1.50338927040144,10,"response to reactive oxygen species"
"GO:0034067",0.0184267738804784,0.106147556351355,0.352487857583619,-0.562305972670679,-1.64528514079623,19,"protein localization to Golgi apparatus"
"GO:0048255",0.0185236866372584,0.106147556351355,0.352487857583619,0.607456636512197,1.50319846664458,26,"mRNA stabilization"
"GO:0070372",0.0185394704586271,0.106147556351355,0.352487857583619,0.623263847714407,1.48585411887686,21,"regulation of ERK1 and ERK2 cascade"
"GO:0006401",0.0187484718772084,0.106449656991705,0.352487857583619,0.679769239639653,1.56167374399918,17,"RNA catabolic process"
"GO:0045842",0.018726203359725,0.106449656991705,0.352487857583619,0.712175586414937,1.51881050259575,12,"positive regulation of mitotic metaphase/anaphase transition"
"GO:0051930",0.018726203359725,0.106449656991705,0.352487857583619,0.711917725004628,1.51826057835563,12,"regulation of sensory perception of pain"
"GO:0045471",0.018833625431978,0.106626085107533,0.352487857583619,0.515179892782562,1.46338106331298,68,"response to ethanol"
"GO:0046902",0.018928646840364,0.106626085107533,0.352487857583619,0.711294921910093,1.51693236674732,12,"regulation of mitochondrial membrane permeability"
"GO:0061098",0.018936041533285,0.106626085107533,0.352487857583619,-0.4900010339145,-1.50709220374219,25,"positive regulation of protein tyrosine kinase activity"
"GO:0045737",0.0194996046772717,0.108307586848759,0.352487857583619,0.605934014117506,1.48346600496521,25,"positive regulation of cyclin-dependent protein serine/threonine kinase activity"
"GO:0051315",0.0194551738734757,0.108307586848759,0.352487857583619,0.729496859796201,1.51763524098624,11,"attachment of mitotic spindle microtubules to kinetochore"
"GO:0070584",0.0194057669533184,0.108307586848759,0.352487857583619,0.632048386064036,1.47821928692431,19,"mitochondrion morphogenesis"
"GO:2000042",0.0194057669533184,0.108307586848759,0.352487857583619,0.633139402897353,1.48077093037587,19,"negative regulation of double-strand break repair via homologous recombination"
"GO:2000773",0.0194586989704419,0.108307586848759,0.352487857583619,0.689407580574217,1.56759349567215,16,"negative regulation of cellular senescence"
"GO:0043523",0.0199940299759928,0.1107528381326,0.352487857583619,0.698723319624467,1.52248777875375,13,"regulation of neuron apoptotic process"
"GO:0035338",0.0206359318394296,0.11399958021566,0.352487857583619,0.683593109358295,1.55437239466357,16,"long-chain fatty-acyl-CoA biosynthetic process"
"GO:0030111",0.0207036226876051,0.114065241976994,0.352487857583619,0.726380577122198,1.51115216934113,11,"regulation of Wnt signaling pathway"
"GO:0033138",0.020809795066779,0.114341992248646,0.352487857583619,0.502267114439354,1.42832938259358,69,"positive regulation of peptidyl-serine phosphorylation"
"GO:0070207",0.0209550771701597,0.114831575699213,0.352487857583619,0.707417654545806,1.50866357109274,12,"protein homotrimerization"
"GO:0032753",0.0211110127181034,0.115277169502177,0.352487857583619,0.617192627185672,1.49474983699254,23,"positive regulation of interleukin-4 production"
"GO:0060749",0.021149187164049,0.115277169502177,0.352487857583619,0.732948169630097,1.49796237433451,10,"mammary gland alveolus development"
"GO:0001662",0.0213925184291876,0.116293371460797,0.352487857583619,0.696820430842579,1.51834146671094,13,"behavioral fear response"
"GO:0006390",0.0215679693993705,0.116626797492893,0.352487857583619,0.731541286813351,1.49508705843646,10,"mitochondrial transcription"
"GO:0043524",0.0215454806554094,0.116626797492893,0.352487857583619,0.477872475106408,1.39445326702719,90,"negative regulation of neuron apoptotic process"
"GO:0007202",0.0218122645161118,0.117187439801316,0.352487857583619,-0.632480580088288,-1.70216131224343,14,"activation of phospholipase C activity"
"GO:0034244",0.0218436470471143,0.117187439801316,0.352487857583619,0.685818743593895,1.53494484843161,15,"negative regulation of transcription elongation from RNA polymerase II promoter"
"GO:0051262",0.0217531790148461,0.117187439801316,0.352487857583619,0.6465415524235,1.49200032618113,18,"protein tetramerization"
"GO:0045830",0.0221922158829725,0.118745783415696,0.352487857583619,0.69530873564911,1.51504754851383,13,"positive regulation of isotype switching"
"GO:0031589",0.0223621535375264,0.11930378691477,0.352487857583619,-0.598035270435126,-1.64563059121093,15,"cell-substrate adhesion"
"GO:0060252",0.0224132358978824,0.11930378691477,0.352487857583619,0.698825928561205,1.5436697474436,14,"positive regulation of glial cell proliferation"
"GO:0021591",0.0225826066901154,0.119893111882067,0.352487857583619,0.704177298448321,1.50175307462685,12,"ventricular system development"
"GO:0007018",0.0228895589667244,0.121207923647629,0.352487857583619,0.513351114693979,1.43794127773204,62,"microtubule-based movement"
"GO:0001817",0.0230312018256141,0.121642833414871,0.352487857583619,-0.483247860679963,-1.55046359832451,28,"regulation of cytokine production"
"GO:0070050",0.023540726383959,0.124013517342299,0.352487857583619,-0.660191162159149,-1.69078305334297,11,"neuron cellular homeostasis"
"GO:0090201",0.0236781908989207,0.124417023643686,0.352487857583619,0.644119497352391,1.48641103815691,18,"negative regulation of release of cytochrome c from mitochondria"
"GO:0006754",0.0239999736113935,0.125784477081252,0.352487857583619,0.695712849363644,1.53679311911276,14,"ATP biosynthetic process"
"GO:0034976",0.024306526531713,0.12706532028343,0.352487857583619,0.507470890172312,1.44148345318705,68,"response to endoplasmic reticulum stress"
"GO:1900029",0.024465377125824,0.127569466441796,0.352487857583619,0.718645021713986,1.4950592261866,11,"positive regulation of ruffle assembly"
"GO:0032012",0.0249690860701044,0.129864661392604,0.352487857583619,-0.587215468255727,-1.66689175741795,16,"regulation of ARF protein signal transduction"
"GO:0043001",0.0253353570282281,0.131435202451011,0.352487857583619,-0.485006328909314,-1.49087582885785,26,"Golgi to plasma membrane protein transport"
"GO:0006287",0.0259833990744988,0.133747546433763,0.352487857583619,0.691021007028828,1.52642908598803,14,"base-excision repair, gap-filling"
"GO:0006695",0.0259526562646071,0.133747546433763,0.352487857583619,0.598563986402373,1.48845788738684,27,"cholesterol biosynthetic process"
"GO:0007283",0.026026026026026,0.133747546433763,0.282013350011725,0.411833277736087,1.25926537063751,247,"spermatogenesis"
"GO:0046034",0.0260428197067699,0.133747546433763,0.352487857583619,0.622158897643767,1.49296892575033,22,"ATP metabolic process"
"GO:0010629",0.0262361251261352,0.134066599394551,0.282013350011725,0.42800502900497,1.29114062170632,179,"negative regulation of gene expression"
"GO:0046426",0.0261907134288166,0.134066599394551,0.352487857583619,0.686765612335478,1.49643245370866,13,"negative regulation of receptor signaling pathway via JAK-STAT"
"GO:0031145",0.0265879991560044,0.135525861034596,0.352487857583619,0.668590361444758,1.53599185145931,17,"anaphase-promoting complex-dependent catabolic process"
"GO:0046716",0.0267767701246487,0.136148552574084,0.352487857583619,0.689771950788534,1.52366998640086,14,"muscle cell cellular homeostasis"
"GO:0007076",0.0269705537421256,0.136793577788845,0.352487857583619,0.668334641993829,1.53540437216626,17,"mitotic chromosome condensation"
"GO:0001701",0.0273279352226721,0.138051367190389,0.276500599254472,0.433331803134967,1.30100075146776,152,"in utero embryonic development"
"GO:0043011",0.02735362216835,0.138051367190389,0.352487857583619,0.677125126606134,1.51548748781811,15,"myeloid dendritic cell differentiation"
"GO:0048706",0.0276789508635855,0.13934920089943,0.352487857583619,-0.583810851456335,-1.60648885464301,15,"embryonic skeletal system development"
"GO:0031397",0.0278706800445931,0.139969705187096,0.287857117255149,0.534606994638355,1.46567244309001,49,"negative regulation of protein ubiquitination"
"GO:0009116",0.0282291957642332,0.141422735642384,0.352487857583619,0.714831229703919,1.48712506570524,11,"nucleoside metabolic process"
"GO:0000956",0.028500772959797,0.142254094943429,0.352487857583619,0.665656778613719,1.52925235956129,17,"nuclear-transcribed mRNA catabolic process"
"GO:0043330",0.0285343341129188,0.142254094943429,0.352487857583619,0.675572134928037,1.51201170562607,15,"response to exogenous dsRNA"
"GO:0006959",0.0288350634371396,0.142709127519403,0.287857117255149,0.566838038916582,1.47915128287923,36,"humoral immune response"
"GO:0009887",0.0288347525942419,0.142709127519403,0.352487857583619,-0.325886264590236,-1.30248598300984,72,"animal organ morphogenesis"
"GO:0032728",0.0288350634371396,0.142709127519403,0.287857117255149,0.565235014307187,1.47496822573648,36,"positive regulation of interferon-beta production"
"GO:0051491",0.0290830193548158,0.143588626959525,0.352487857583619,-0.521129360921159,-1.58253348651255,23,"positive regulation of filopodium assembly"
"GO:0071333",0.0291806958473625,0.143723716414479,0.282013350011725,0.548969277697068,1.47591650234318,45,"cellular response to glucose stimulus"
"GO:0008156",0.0295535719609504,0.144862112921301,0.352487857583619,0.686445901357597,1.51632291801773,14,"negative regulation of DNA replication"
"GO:0042130",0.0295322796808082,0.144862112921301,0.352487857583619,0.591617846157338,1.47118481805844,27,"negative regulation of T cell proliferation"
"GO:0007051",0.0305021890333479,0.149105917426521,0.352487857583619,0.673621864219848,1.50764676517417,15,"spindle organization"
"GO:0042742",0.0305652541104268,0.149105917426521,0.352487857583619,-0.34980447630885,-1.35771921298736,63,"defense response to bacterium"
"GO:0051310",0.0307202919900134,0.149150301253177,0.352487857583619,0.693430849203938,1.47883482203672,12,"metaphase plate congression"
"GO:0051402",0.0306965761511216,0.149150301253177,0.282013350011725,0.573468160722466,1.4711087031508,33,"neuron apoptotic process"
"GO:0006910",0.0308194134336698,0.149276969332751,0.352487857583619,-0.602003728120932,-1.57955185506507,13,"phagocytosis, recognition"
"GO:0061157",0.0308957602404762,0.149292988017809,0.352487857583619,0.673167382566089,1.50662958056138,15,"mRNA destabilization"
"GO:0031663",0.0310262529832936,0.149569955419462,0.282013350011725,0.570296506555073,1.43853404998646,30,"lipopolysaccharide-mediated signaling pathway"
"GO:0098656",0.0311004784688995,0.149575007036307,0.282013350011725,0.590473908665158,1.46117339205541,26,"anion transmembrane transport"
"GO:0007200",0.0314028281345206,0.150506938544322,0.321775918075361,-0.467332104329099,-1.49939911802428,28,"phospholipase C-activating G protein-coupled receptor signaling pathway"
"GO:0019222",0.0314547304231028,0.150506938544322,0.321775918075361,-0.643156551271862,-1.64715655080949,11,"regulation of metabolic process"
"GO:0043153",0.0315151515151515,0.150506938544322,0.282013350011725,0.595729998176042,1.45848422409368,25,"entrainment of circadian clock by photoperiod"
"GO:1900182",0.031604806894904,0.150583275741687,0.321775918075361,0.586843029187583,1.46820091776456,28,"positive regulation of protein localization to nucleus"
"GO:0009411",0.031927023945268,0.151764737079367,0.271288554688953,0.553725246940318,1.46799511223066,39,"response to UV"
"GO:0003333",0.032059186189889,0.152039388798453,0.282013350011725,0.615426811458635,1.46717071113048,21,"amino acid transmembrane transport"
"GO:0032467",0.0321428571428571,0.152083333333333,0.276500599254472,0.585581666428732,1.45617456095839,27,"positive regulation of cytokinesis"
"GO:0042744",0.0323478339347366,0.152699705687302,0.321775918075361,0.691112849389261,1.47389137475953,12,"hydrogen peroxide catabolic process"
"GO:0021766",0.0325476992143659,0.152744245935941,0.266350657088526,0.549754906735432,1.47490826506325,44,"hippocampus development"
"GO:0035066",0.0324700457223546,0.152744245935941,0.321775918075361,0.66883536434066,1.49693400265462,15,"positive regulation of histone acetylation"
"GO:0072332",0.0325814536340852,0.152744245935941,0.282013350011725,0.628398185320425,1.46968228681589,19,"intrinsic apoptotic signaling pathway by p53 class mediator"
"GO:0014850",0.0327270645539299,0.153075789355224,0.321775918075361,0.684794108256773,1.51267419387261,14,"response to muscle activity"
"GO:0043065",0.0330661322645291,0.153874881586642,0.248911114434702,0.409442194946869,1.2502791295934,238,"positive regulation of apoptotic process"
"GO:1903364",0.0331237514178682,0.153874881586642,0.321775918075361,0.683072345948432,1.50887091142551,14,"positive regulation of cellular protein catabolic process"
"GO:1990090",0.0330188679245283,0.153874881586642,0.271288554688953,0.575980019539238,1.4731641109055,32,"cellular response to nerve growth factor stimulus"
"GO:0014911",0.0332130817911619,0.153939998143163,0.321775918075361,-0.599740078477024,-1.57361243670729,13,"positive regulation of smooth muscle cell migration"
"GO:0007520",0.0338114996522993,0.156089157149097,0.321775918075361,-0.598304686981467,-1.56984622199193,13,"myoblast fusion"
"GO:1902176",0.03382949932341,0.156089157149097,0.287857117255149,0.688934889910446,1.46924658238844,12,"negative regulation of oxidative stress-induced intrinsic apoptotic signaling pathway"
"GO:0030970",0.0340314136125654,0.156315077357492,0.282013350011725,0.654710099927936,1.46531996170638,15,"retrograde protein transport, ER to cytosol"
"GO:2000045",0.0340314136125654,0.156315077357492,0.282013350011725,0.654039941545654,1.46382006663043,15,"regulation of G1/S transition of mitotic cell cycle"
"GO:0006633",0.0341981132075472,0.156728572637279,0.266350657088526,0.571683446785855,1.46217491585453,32,"fatty acid biosynthetic process"
"GO:0072711",0.0347705146036161,0.158995373265752,0.287857117255149,0.707911577297096,1.47272951594112,11,"cellular response to hydroxyurea"
"GO:0002503",0.0351552044287136,0.159100434694097,0.321775918075361,-0.638071487426346,-1.63413344437007,11,"peptide antigen assembly with MHC class II protein complex"
"GO:0016339",0.0349844038362797,0.159100434694097,0.321775918075361,-0.589908544446932,-1.53291855645957,12,"calcium-dependent cell-cell adhesion via plasma membrane cell adhesion molecules"
"GO:0031571",0.0351826792963464,0.159100434694097,0.282013350011725,0.68455864959729,1.45991365961449,12,"mitotic G1 DNA damage checkpoint signaling"
"GO:0035924",0.0351515151515151,0.159100434694097,0.266350657088526,0.600519037622589,1.45927381180636,24,"cellular response to vascular endothelial growth factor stimulus"
"GO:0042119",0.0351552044287136,0.159100434694097,0.321775918075361,-0.63866875428375,-1.63566307508721,11,"neutrophil activation"
"GO:0000002",0.0361613351877608,0.159175727079402,0.282013350011725,0.701547984291998,1.45949078451391,11,"mitochondrial genome maintenance"
"GO:0000712",0.0359042553191489,0.159175727079402,0.276500599254472,0.680536052196876,1.48285851261974,13,"resolution of meiotic recombination intermediates"
"GO:0002931",0.0359147025813693,0.159175727079402,0.252961123069611,0.542837056941508,1.45942988610281,45,"response to ischemia"
"GO:0006165",0.0356200527704486,0.159175727079402,0.276500599254472,0.663890662447422,1.46649958071872,14,"nucleoside diphosphate phosphorylation"
"GO:0006336",0.0353867724298774,0.159175727079402,0.321775918075361,0.653712121971375,1.50181119927971,17,"DNA replication-independent nucleosome assembly"
"GO:0006488",0.0356200527704486,0.159175727079402,0.276500599254472,0.660906861161081,1.4599085204992,14,"dolichol-linked oligosaccharide biosynthetic process"
"GO:0032727",0.0358514724711908,0.159175727079402,0.271288554688953,0.637819302577121,1.47187230878295,18,"positive regulation of interferon-alpha production"
"GO:0033235",0.0361613351877608,0.159175727079402,0.282013350011725,0.705058011888426,1.46679299768405,11,"positive regulation of protein sumoylation"
"GO:0061025",0.035799522673031,0.159175727079402,0.261663521711573,0.56693413507725,1.43005269720952,30,"membrane fusion"
"GO:0070262",0.0359042553191489,0.159175727079402,0.276500599254472,0.680726566439237,1.48327363488277,13,"peptidyl-serine dephosphorylation"
"GO:0071803",0.0362116991643454,0.159175727079402,0.282013350011725,0.7221716357969,1.47593783989025,10,"positive regulation of podosome assembly"
"GO:1903427",0.0361613351877608,0.159175727079402,0.282013350011725,0.70438802365631,1.46539916337421,11,"negative regulation of reactive oxygen species biosynthetic process"
"GO:2001237",0.0355871886120996,0.159175727079402,0.261663521711573,0.563724921536011,1.428032409766,31,"negative regulation of extrinsic apoptotic signaling pathway"
"GO:0002437",0.0367993352654597,0.161411676572102,0.321775918075361,0.66443035056474,1.48707505192489,15,"inflammatory response to antigenic stimulus"
"GO:0001836",0.037593984962406,0.16250213477654,0.261663521711573,0.62270736255215,1.45637272988954,19,"release of cytochrome c from mitochondria"
"GO:0002082",0.0376044568245125,0.16250213477654,0.276500599254472,0.720578691267778,1.47268226048109,10,"regulation of oxidative phosphorylation"
"GO:0006091",0.0372960372960373,0.16250213477654,0.252961123069611,0.558582519228726,1.44837822350341,35,"generation of precursor metabolites and energy"
"GO:0006607",0.0372208436724566,0.16250213477654,0.261663521711573,0.618026234053771,1.46017014533909,20,"NLS-bearing protein import into nucleus"
"GO:0010800",0.0374941096728772,0.16250213477654,0.321775918075361,0.60516805916563,1.45219671471812,22,"positive regulation of peptidyl-threonine phosphorylation"
"GO:0030433",0.0374732334047109,0.16250213477654,0.241339976815091,0.484974847270353,1.38507291200673,73,"ubiquitin-dependent ERAD pathway"
"GO:0045494",0.0374422538588127,0.16250213477654,0.321775918075361,-0.465665241620135,-1.43142266747723,26,"photoreceptor cell maintenance"
"GO:0050850",0.038563829787234,0.166296346171111,0.266350657088526,0.67335776174942,1.46721732937647,13,"positive regulation of calcium-mediated signaling"
"GO:0097428",0.0389429763560501,0.167577776151087,0.271288554688953,0.695768368598966,1.44746695146061,11,"protein maturation by iron-sulfur cluster transfer"
"GO:0043254",0.039440203562341,0.169360874120641,0.257206466468838,0.637630460801659,1.46486585585413,17,"regulation of protein-containing complex assembly"
"GO:0045995",0.0396927016645326,0.170087803359129,0.257206466468838,0.633070207970108,1.46091299661473,18,"regulation of embryonic development"
"GO:0006282",0.0403899721448468,0.172426554625507,0.266350657088526,0.715929637215484,1.46318075909922,10,"regulation of DNA repair"
"GO:0006878",0.0405759162303665,0.172426554625507,0.257206466468838,0.645898412850562,1.44559834602914,15,"cellular copper ion homeostasis"
"GO:0031954",0.0405405405405405,0.172426554625507,0.248911114434702,0.593748136038774,1.42479279840763,22,"positive regulation of protein autophosphorylation"
"GO:0045948",0.0405759162303665,0.172426554625507,0.257206466468838,0.647349378170172,1.44884578095768,15,"positive regulation of translational initiation"
"GO:0040014",0.0413533834586466,0.175365800393099,0.248911114434702,0.616750290027463,1.44244047455314,19,"regulation of multicellular organism growth"
"GO:0010288",0.0422535211267606,0.178358936907647,0.248911114434702,0.627426871274153,1.44789007463926,18,"response to lead ion"
"GO:0016075",0.0423209806263252,0.178358936907647,0.321775918075361,0.659266260632466,1.4755171974445,15,"rRNA catabolic process"
"GO:0060548",0.0421892816419612,0.178358936907647,0.234392647294686,0.541113962889281,1.43046724578066,38,"negative regulation of cell death"
"GO:0035307",0.0427350427350427,0.179733389609933,0.241339976815091,0.595478948843394,1.44216249921012,23,"positive regulation of protein dephosphorylation"
"GO:0015909",0.043115438108484,0.180960894237662,0.257206466468838,0.688544428434524,1.43243836562763,11,"long-chain fatty acid transport"
"GO:0016192",0.0436991869918699,0.183035119285619,0.216542836735348,0.431488088606776,1.28736019125007,137,"vesicle-mediated transport"
"GO:0006337",0.0445026178010471,0.184766590150822,0.245041785430996,0.643615613151654,1.44048916569459,15,"nucleosome disassembly"
"GO:0006636",0.0446549391069012,0.184766590150822,0.248911114434702,0.677737891477073,1.44536747287872,12,"unsaturated fatty acid biosynthetic process"
"GO:0032206",0.0445062586926286,0.184766590150822,0.252961123069611,0.686015780562514,1.42717780134819,11,"positive regulation of telomere maintenance"
"GO:0045050",0.0445682451253482,0.184766590150822,0.252961123069611,0.710570883613971,1.45222880969678,10,"protein insertion into ER membrane by stop-transfer membrane-anchor sequence"
"GO:0048709",0.0445026178010471,0.184766590150822,0.245041785430996,0.640275376139566,1.43301331344917,15,"oligodendrocyte differentiation"
"GO:0070886",0.0446549391069012,0.184766590150822,0.248911114434702,0.67726684290957,1.44436289826931,12,"positive regulation of calcineurin-NFAT signaling cascade"
"GO:0010332",0.0448484848484848,0.185004163498787,0.234392647294686,0.584514954867509,1.43102721540165,25,"response to gamma radiation"
"GO:0016241",0.0448933782267116,0.185004163498787,0.224966093540314,0.526323682031625,1.41503329866332,45,"regulation of macroautophagy"
"GO:0006351",0.0457018498367791,0.187579480052965,0.219250346703755,0.490649622589394,1.3801365168166,63,"transcription, DNA-templated"
"GO:0071539",0.0456226880394575,0.187579480052965,0.234392647294686,0.596303327003048,1.42158053571791,21,"protein localization to centrosome"
"GO:0008608",0.0459610027855153,0.188265109606399,0.248911114434702,0.70928434514347,1.44959944748292,10,"attachment of spindle microtubules to kinetochore"
"GO:0045333",0.0461741424802111,0.188759894459103,0.241339976815091,0.647729717382248,1.43080090245335,14,"cellular respiration"
"GO:0007141",0.0463659147869674,0.188916479183386,0.234392647294686,0.612416282894868,1.43230420480809,19,"male meiosis I"
"GO:0008589",0.046397295768131,0.188916479183386,0.321775918075361,-0.555006955425518,-1.57546347008955,16,"regulation of smoothened signaling pathway"
"GO:0006479",0.0466507177033493,0.189570709713014,0.227987202850442,0.574570173730203,1.4218183689456,26,"protein methylation"
"GO:0006469",0.0472527472527473,0.190563967054862,0.216542836735348,0.505090149967035,1.39976333730756,55,"negative regulation of protein kinase activity"
"GO:0008631",0.0471204188481675,0.190563967054862,0.237793834423688,0.638200454448137,1.42836938910195,15,"intrinsic apoptotic signaling pathway in response to oxidative stress"
"GO:0043392",0.0472727272727273,0.190563967054862,0.227987202850442,0.578913171753357,1.41731276032335,25,"negative regulation of DNA binding"
"GO:1904996",0.0472878998609179,0.190563967054862,0.245041785430996,0.682607697928096,1.4200876730759,11,"positive regulation of leukocyte adhesion to vascular endothelial cell"
"GO:2001022",0.047361299052774,0.190563967054862,0.241339976815091,0.675421472337531,1.44042739660447,12,"positive regulation of response to DNA damage stimulus"
"GO:0071294",0.0478723404255319,0.192241775697028,0.237793834423688,0.660749285687773,1.43974400742854,13,"cellular response to zinc ion"
"GO:0032211",0.0483870967741935,0.19392789373814,0.227987202850442,0.606124373804514,1.43205039887465,20,"negative regulation of telomere maintenance via telomerase"
"GO:0007292",0.0487465181058496,0.194225892803814,0.241339976815091,0.705940928568524,1.44276634189849,10,"female gamete generation"
"GO:0034205",0.0487276911367493,0.194225892803814,0.321775918075361,-0.64198657573753,-1.57864147566679,10,"amyloid-beta formation"
"GO:0045109",0.0487276911367493,0.194225892803814,0.321775918075361,-0.642689293043701,-1.58036945367617,10,"intermediate filament organization"
"GO:0007218",0.0490600604021671,0.195094870548696,0.321775918075361,-0.420914903200259,-1.40659566930716,32,"neuropeptide signaling pathway"
"GO:0006886",0.0501504513540622,0.198273738041979,0.199915231309662,0.399541493158089,1.22045495829518,240,"intracellular protein transport"
"GO:0071392",0.05,0.198273738041979,0.219250346703755,0.573050879547429,1.42501406852592,27,"cellular response to estradiol stimulus"
"GO:1902166",0.050131926121372,0.198273738041979,0.231126709673834,0.644055292560084,1.42268429114084,14,"negative regulation of intrinsic apoptotic signaling pathway in response to DNA damage by p53 class mediator"
"GO:0048143",0.050531914893617,0.199396204715354,0.231126709673834,0.659413967262344,1.43683440655168,13,"astrocyte activation"
"GO:0000281",0.0509977827050998,0.200316807603382,0.208955027549354,0.517492051015352,1.41633254556658,48,"mitotic cytokinesis"
"GO:0005978",0.0510471204188482,0.200316807603382,0.227987202850442,0.635848257128796,1.42310488854471,15,"glycogen biosynthetic process"
"GO:0009615",0.051255230125523,0.200316807603382,0.20207170902116,0.458222363314719,1.33414558074297,89,"response to virus"
"GO:0045184",0.0511033681765389,0.200316807603382,0.213927855492356,0.543116079253459,1.40171784120136,34,"establishment of protein localization"
"GO:2000060",0.0512311025039416,0.200316807603382,0.321775918075361,-0.550335311896415,-1.51437326434176,15,"positive regulation of ubiquitin-dependent protein catabolic process"
"GO:0007019",0.0515320334261838,0.201014267792213,0.234392647294686,0.703512604434697,1.43780345593209,10,"microtubule depolymerization"
"GO:0019228",0.0518107337678715,0.20133296544017,0.321775918075361,-0.576008121228581,-1.55017999027962,14,"neuronal action potential"
"GO:0030166",0.0518107337678715,0.20133296544017,0.321775918075361,-0.575996775387735,-1.5501494558222,14,"proteoglycan biosynthetic process"
"GO:0030593",0.0521541950113379,0.20151828847481,0.208955027549354,0.531161722627339,1.41484129248,40,"neutrophil chemotaxis"
"GO:0043627",0.0521541950113379,0.20151828847481,0.208955027549354,0.530543597438233,1.41319480892478,40,"response to estrogen"
"GO:0048678",0.0521091811414392,0.20151828847481,0.219250346703755,0.600127863735676,1.41788283689058,20,"response to axon injury"
"GO:0031573",0.0522875816993464,0.201652484893328,0.224966093540314,0.635157573722889,1.44423837124854,16,"mitotic intra-S DNA damage checkpoint signaling"
"GO:0016571",0.0527704485488127,0.202299281669818,0.224966093540314,0.643185872689939,1.42076378834248,14,"histone methylation"
"GO:0036444",0.0528511821974965,0.202299281669818,0.231126709673834,0.67649686380088,1.40737477774435,11,"calcium import into the mitochondrion"
"GO:0051382",0.0527704485488127,0.202299281669818,0.224966093540314,0.643174457928197,1.42073857373373,14,"kinetochore assembly"
"GO:2000378",0.0526315789473684,0.202299281669818,0.219250346703755,0.608037894783932,1.42206413791775,19,"negative regulation of reactive oxygen species metabolic process"
"GO:1901673",0.0533255429640032,0.203733476296117,0.321775918075361,0.645242447586845,1.46716962863426,16,"regulation of mitotic spindle assembly"
"GO:0070301",0.0534934497816594,0.203993677898716,0.20207170902116,0.494253642147579,1.38045328562333,60,"cellular response to hydrogen peroxide"
"GO:0045931",0.0538277511961723,0.204886263398466,0.211400189384923,0.569724775353697,1.40982805560954,26,"positive regulation of mitotic cell cycle"
"GO:0015693",0.054127198917456,0.205643112615762,0.224966093540314,0.668431357847769,1.42552003456635,12,"magnesium ion transport"
"GO:0042267",0.054590570719603,0.206389340520981,0.213927855492356,0.595603499925826,1.40719341854912,20,"natural killer cell mediated cytotoxicity"
"GO:0045787",0.0545454545454545,0.206389340520981,0.211400189384923,0.57682482371762,1.40169637682654,24,"positive regulation of cell cycle"
"GO:0045860",0.0546265328874025,0.206389340520981,0.20207170902116,0.510052613662949,1.39835443207684,49,"positive regulation of protein kinase activity"
"GO:0001824",0.0549738219895288,0.206936449625409,0.219250346703755,0.630742234401869,1.41167699545505,15,"blastocyst development"
"GO:0002407",0.0548764228806831,0.206936449625409,0.321775918075361,-0.570169008163352,-1.53446549615861,14,"dendritic cell chemotaxis"
"GO:0000722",0.0556328233657858,0.208648607265443,0.224966093540314,0.675202169158631,1.40468131280477,11,"telomere maintenance via recombination"
"GO:0046007",0.0556328233657858,0.208648607265443,0.224966093540314,0.674454057788782,1.40312495219291,11,"negative regulation of activated T cell proliferation"
"GO:0006006",0.0558086560364465,0.208924712341569,0.20207170902116,0.530397694103536,1.40873058458896,42,"glucose metabolic process"
"GO:0061635",0.0570236439499305,0.212306608804477,0.222056046145248,0.673932341917013,1.4020395816637,11,"regulation of protein complex stability"
"GO:0070536",0.0570071258907363,0.212306608804477,0.204294756516886,0.562442792028806,1.40715486488772,28,"protein K63-linked deubiquitination"
"GO:1900006",0.0568335588633288,0.212306608804477,0.219250346703755,0.666321576334708,1.42102064090368,12,"positive regulation of dendrite development"
"GO:0002218",0.0574162679425837,0.212592041035824,0.204294756516886,0.567221602258158,1.40363376002893,26,"activation of innate immune response"
"GO:0006103",0.057516339869281,0.212592041035824,0.213927855492356,0.628908827134228,1.43002980321927,16,"2-oxoglutarate metabolic process"
"GO:0006839",0.057516339869281,0.212592041035824,0.213927855492356,0.630468571810664,1.43357639260787,16,"mitochondrial transport"
"GO:0046907",0.057516339869281,0.212592041035824,0.213927855492356,0.63133053652049,1.4355363511443,16,"intracellular transport"
"GO:0035589",0.0577037324787824,0.212899691672619,0.321775918075361,-0.631821875405734,-1.5536465331899,10,"G protein-coupled purinergic nucleotide receptor signaling pathway"
"GO:0061024",0.0593939393939394,0.218740922740923,0.20207170902116,0.572622540665493,1.3914847411854,24,"membrane organization"
"GO:0030326",0.0599121770352065,0.220252679604248,0.321775918075361,-0.518039791654945,-1.48609992726547,17,"embryonic limb morphogenesis"
"GO:0006082",0.0600326247724199,0.220299254999688,0.321775918075361,-0.60659750579165,-1.5535269809404,11,"organic acid metabolic process"
"GO:0007288",0.0605029800088496,0.221627403473277,0.321775918075361,-0.490510912759787,-1.43521562171761,19,"sperm axoneme assembly"
"GO:0006491",0.0612886264354161,0.224103671617157,0.321775918075361,-0.534886240713505,-1.47186161761916,15,"N-glycan processing"
"GO:1903830",0.0615183246073298,0.224541884816754,0.206587922696891,0.624380130422216,1.39743784142205,15,"magnesium ion transmembrane transport"
"GO:0000028",0.0620052770448549,0.225915840070737,0.206587922696891,0.636610517816873,1.40623917501402,14,"ribosomal small subunit assembly"
"GO:0018345",0.0626535626535627,0.226661738166163,0.197822021315103,0.573980687544223,1.37735767137577,22,"protein palmitoylation"
"GO:0030501",0.0624690742555263,0.226661738166163,0.321775918075361,-0.463503690282931,-1.39152210578879,22,"positive regulation of bone mineralization"
"GO:0034063",0.0626535626535627,0.226661738166163,0.197822021315103,0.577381425844183,1.38551828215491,22,"stress granule assembly"
"GO:0071375",0.0625,0.226661738166163,0.206587922696891,0.651811087473824,1.42026806156755,13,"cellular response to peptide hormone stimulus"
"GO:1901653",0.0632201166642136,0.228307276434015,0.287805130535564,-0.599394320862514,-1.5350792589678,11,"cellular response to peptide"
"GO:0006259",0.0636132315521628,0.22871757982656,0.199915231309662,0.613693302160506,1.40987361734735,17,"DNA metabolic process"
"GO:0006749",0.063754427390791,0.22871757982656,0.191892240384838,0.534383490447078,1.37084542344323,33,"glutathione metabolic process"
"GO:0010212",0.0637813211845103,0.22871757982656,0.188204146308491,0.517454587221863,1.37435383158548,42,"response to ionizing radiation"
"GO:0090503",0.0636792452830189,0.22871757982656,0.191892240384838,0.542448731148896,1.38740229804159,32,"RNA phosphodiester bond hydrolysis, exonucleolytic"
"GO:0000209",0.0639593908629442,0.228954456959471,0.176694268938498,0.419757014833199,1.25383759942504,141,"protein polyubiquitination"
"GO:0008544",0.0645161290322581,0.230543649898489,0.191892240384838,0.549045195549557,1.37839094770981,29,"epidermis development"
"GO:0045088",0.0646492376682873,0.230616128785304,0.287805130535564,-0.487148868133861,-1.43563693903153,18,"regulation of innate immune response"
"GO:0032469",0.0648854961832061,0.231055669335319,0.197822021315103,0.613004523698984,1.40829124618952,17,"endoplasmic reticulum calcium ion homeostasis"
"GO:0002720",0.0653685674547983,0.232238947062245,0.206587922696891,0.670342624287776,1.39457158244456,11,"positive regulation of cytokine production involved in immune response"
"GO:0031396",0.0654450261780105,0.232238947062245,0.199915231309662,0.620563503668409,1.38889577162757,15,"regulation of protein ubiquitination"
"GO:0010867",0.0664893617021277,0.23431768158474,0.199915231309662,0.646859439716673,1.40947863607792,13,"positive regulation of triglyceride biosynthetic process"
"GO:0010880",0.0664893617021277,0.23431768158474,0.199915231309662,0.64510885000529,1.40566417709775,13,"regulation of release of sequestered calcium ion into cytosol by sarcoplasmic reticulum"
"GO:0030224",0.0663058186738836,0.23431768158474,0.20207170902116,0.66086225471595,1.40937790114991,12,"monocyte differentiation"
"GO:2001256",0.066173782726775,0.23431768158474,0.287805130535564,-0.621870416508318,-1.52917595023292,10,"regulation of store-operated calcium entry"
"GO:0098869",0.0666666666666667,0.234538152610442,0.181383128498408,0.506203245121172,1.37657764899063,47,"cellular oxidant detoxification"
"GO:0034097",0.0672748004561003,0.235865681187426,0.183023938384487,0.517163109026122,1.36715172574345,38,"response to cytokine"
"GO:0042531",0.0672748004561003,0.235865681187426,0.183023938384487,0.515917425486192,1.36776183335196,39,"positive regulation of tyrosine phosphorylation of STAT protein"
"GO:0030218",0.0676605504587156,0.236811926605505,0.183023938384487,0.524974533979877,1.37757518056233,37,"erythrocyte differentiation"
"GO:0008643",0.0678175092478422,0.236955536585623,0.190023305279108,0.574310415647423,1.36914967831508,21,"carbohydrate transport"
"GO:0050910",0.0685326113153287,0.239045490663024,0.287805130535564,-0.595766328229745,-1.52578778581163,11,"detection of mechanical stimulus involved in sensory perception of sound"
"GO:0002639",0.068922305764411,0.239995218028034,0.190023305279108,0.593642798259086,1.38839723869082,19,"positive regulation of immunoglobulin production"
"GO:0006879",0.0691609977324263,0.240416801641291,0.179782316298324,0.514821773386646,1.37020508886559,41,"cellular iron ion homeostasis"
"GO:0060314",0.0704787234042553,0.244581512119351,0.193813302725311,0.6412237616596,1.39719873826158,13,"regulation of ryanodine-sensitive calcium-release channel activity"
"GO:0035435",0.0709318497913769,0.245247685010916,0.197822021315103,0.668104464077729,1.38991534470463,11,"phosphate ion transmembrane transport"
"GO:0048096",0.0710306406685237,0.245247685010916,0.197822021315103,0.686911781391336,1.40387553396935,10,"chromatin-mediated maintenance of transcription"
"GO:0097178",0.0709318497913769,0.245247685010916,0.197822021315103,0.664097353062616,1.38157900602214,11,"ruffle assembly"
"GO:0032793",0.0712401055408971,0.245556114208421,0.191892240384838,0.630168597306239,1.39200931117915,14,"positive regulation of CREB transcription factor activity"
"GO:0042542",0.0718358038768529,0.246981930026913,0.176694268938498,0.516071106671339,1.36426495196203,38,"response to hydrogen peroxide"
"GO:0045055",0.0718954248366013,0.246981930026913,0.190023305279108,0.615874613765894,1.40039225835736,16,"regulated exocytosis"
"GO:0034620",0.0724815724815725,0.248577741866332,0.183023938384487,0.568726103721113,1.3647484643141,22,"cellular response to unfolded protein"
"GO:0006935",0.0728412497640919,0.249072718289773,0.287805130535564,-0.300732771332886,-1.20195375458768,72,"chemotaxis"
"GO:0060070",0.0728696113196106,0.249072718289773,0.287805130535564,-0.371651407133624,-1.31942355686161,43,"canonical Wnt signaling pathway"
"GO:0001678",0.0739348370927318,0.250739711682684,0.183023938384487,0.59193147669492,1.38439484172556,19,"cellular glucose homeostasis"
"GO:0001708",0.0739706683682281,0.250739711682684,0.287805130535564,-0.547499934045507,-1.43654348980353,13,"cell fate specification"
"GO:0008089",0.0736342042755344,0.250739711682684,0.178219874951973,0.547216501448286,1.36906077039806,28,"anterograde axonal transport"
"GO:0008340",0.0738786279683377,0.250739711682684,0.188204146308491,0.628855619201413,1.38910901155282,14,"determination of adult lifespan"
"GO:0009966",0.0739393939393939,0.250739711682684,0.179782316298324,0.559467240994541,1.3595170880494,24,"regulation of signal transduction"
"GO:0030220",0.0746073298429319,0.2520617887586,0.186432558434075,0.618039956426244,1.38324776933058,15,"platelet formation"
"GO:0050714",0.0745412844036697,0.2520617887586,0.173747838999571,0.520385090963501,1.3655321148844,37,"positive regulation of protein secretion"
"GO:0019430",0.0752089136490251,0.253257033770358,0.191892240384838,0.681655415477705,1.39313283934154,10,"removal of superoxide radicals"
"GO:0070085",0.0752089136490251,0.253257033770358,0.191892240384838,0.681920024685412,1.39367363424828,10,"glycosylation"
"GO:2001235",0.0763358778625954,0.256629168340699,0.181383128498408,0.605718523685427,1.39155269102044,17,"positive regulation of apoptotic signaling pathway"
"GO:0009725",0.0764635603345281,0.256636317444623,0.175204047558551,0.540110140571615,1.35595928088399,29,"response to hormone"
"GO:0006110",0.0771276595744681,0.258017898805586,0.184706471207739,0.640294491069902,1.39517389799042,13,"regulation of glycolytic process"
"GO:0043032",0.0771276595744681,0.258017898805586,0.184706471207739,0.640336924147435,1.39526635782416,13,"positive regulation of macrophage activation"
"GO:0009306",0.0779816513761468,0.259642691878454,0.169570644405628,0.515722225592394,1.3532963830731,37,"protein secretion"
"GO:0010918",0.0779944289693593,0.259642691878454,0.188204146308491,0.679186345856304,1.38808667980977,10,"positive regulation of mitochondrial membrane potential"
"GO:0043069",0.0778859527121001,0.259642691878454,0.188204146308491,0.659975429627305,1.37300381315863,11,"negative regulation of programmed cell death"
"GO:0007131",0.0781440781440781,0.259717879230074,0.175204047558551,0.561998843956119,1.36107860559502,23,"reciprocal meiotic recombination"
"GO:0030855",0.0793650793650794,0.263347763347763,0.166933848713193,0.506876090730269,1.35015230349942,40,"epithelial cell differentiation"
"GO:0035994",0.0797872340425532,0.2643194592917,0.181383128498408,0.6374823286914,1.38904631825623,13,"response to muscle stretch"
"GO:2000059",0.0801526717557252,0.265100422441266,0.176694268938498,0.604389747978345,1.38850001665331,17,"negative regulation of ubiquitin-dependent protein catabolic process"
"GO:0070527",0.0802833530106257,0.265103672946234,0.169570644405628,0.524200064048547,1.34472204253242,33,"platelet aggregation"
"GO:1901796",0.0807381776239908,0.266175540424899,0.166933848713193,0.517932831896072,1.3515342304984,36,"regulation of signal transduction by p53 class mediator"
"GO:0060041",0.0814220183486239,0.267997754435728,0.165656695205483,0.511331690983453,1.341775268971,37,"retina development in camera-type eye"
"GO:0030968",0.082004555808656,0.269481209120407,0.16440575583821,0.504040850678149,1.33872709124927,42,"endoplasmic reticulum unfolded protein response"
"GO:2000781",0.0834492350486787,0.273788501508025,0.181383128498408,0.657837076577814,1.36855521286378,11,"positive regulation of double-strand break repair"
"GO:0008610",0.0838971583220568,0.27481697373443,0.178219874951973,0.651126347466531,1.38861476567492,12,"lipid biosynthetic process"
"GO:0031641",0.0849673202614379,0.276046654389196,0.173747838999571,0.608391423535513,1.38337677917994,16,"regulation of myelination"
"GO:0040018",0.0849673202614379,0.276046654389196,0.173747838999571,0.609540138018158,1.38598875706083,16,"positive regulation of multicellular organism growth"
"GO:0042325",0.084958217270195,0.276046654389196,0.179782316298324,0.672641971233027,1.37471161816773,10,"regulation of phosphorylation"
"GO:0045821",0.0850785340314136,0.276046654389196,0.173747838999571,0.611046410790022,1.36759537291118,15,"positive regulation of glycolytic process"
"GO:0071347",0.0850828729281768,0.276046654389196,0.158514105424824,0.485822156042854,1.33572584679289,50,"cellular response to interleukin-1"
"GO:1902236",0.0850785340314136,0.276046654389196,0.173747838999571,0.610416962010776,1.36618659082396,15,"negative regulation of endoplasmic reticulum stress-induced intrinsic apoptotic signaling pathway"
"GO:0019827",0.0864197530864197,0.279939738999433,0.158514105424824,0.49886410468079,1.33837603288763,44,"stem cell population maintenance"
"GO:0034613",0.0866228070175439,0.28015350877193,0.156312403073186,0.482380101639936,1.33308124725187,52,"cellular protein localization"
"GO:0006355",0.0869130869130869,0.280648261690916,0.148261500475107,0.372184478768757,1.148856086453,402,"regulation of transcription, DNA-templated"
"GO:0060045",0.0875816993464052,0.282361188429105,0.170932335370056,0.607117265063884,1.38047956338356,16,"positive regulation of cardiac muscle cell proliferation"
"GO:1902287",0.0880281690140845,0.28335366529888,0.287857117255149,-0.611967086726553,-1.50482371650787,10,"semaphorin-plexin signaling pathway involved in axon guidance"
"GO:0002377",0.088339222614841,0.283907816076627,0.287857117255149,-0.580336820663329,-1.48627203429899,11,"immunoglobulin production"
"GO:0019432",0.0888888888888889,0.285225885225885,0.169570644405628,0.606247080099427,1.3785009134111,16,"triglyceride biosynthetic process"
"GO:0006898",0.0892824779332309,0.286039788237498,0.287805130535564,-0.333177170301476,-1.25577150574846,56,"receptor-mediated endocytosis"
"GO:0030705",0.089628681177977,0.286699568588083,0.166933848713193,0.587228122799907,1.35512489100824,18,"cytoskeleton-dependent intracellular transport"
"GO:0006983",0.0904033379694019,0.286946934471022,0.173747838999571,0.647417490517485,1.34687844922965,11,"ER overload response"
"GO:0021987",0.0904079382579934,0.286946934471022,0.153158808683073,0.47661160249659,1.31537823905112,54,"cerebral cortex development"
"GO:0051639",0.0904033379694019,0.286946934471022,0.173747838999571,0.649660377226675,1.35154451991344,11,"actin filament network formation"
"GO:0060261",0.0903141361256544,0.286946934471022,0.16823816568964,0.607894576694469,1.36054118905681,15,"positive regulation of transcription initiation from RNA polymerase II promoter"
"GO:2000352",0.0902255639097744,0.286946934471022,0.16440575583821,0.57931752844651,1.35489364846854,19,"negative regulation of endothelial cell apoptotic process"
"GO:0034614",0.0906921241050119,0.287402638249061,0.159646701919906,0.52877617487647,1.33380184454618,30,"cellular response to reactive oxygen species"
"GO:0051897",0.0909090909090909,0.287644244300591,0.149207542435322,0.444957620640062,1.28590852058452,81,"positive regulation of protein kinase B signaling"
"GO:0051289",0.0912200684150513,0.288182101762542,0.155241966228839,0.503177176201407,1.3339858338251,39,"protein homotetramerization"
"GO:0051894",0.0921375921375921,0.290631540631541,0.160801401070022,0.559122662893638,1.34170348530632,22,"positive regulation of focal adhesion assembly"
"GO:0032781",0.092478421701603,0.29125715555944,0.160801401070022,0.562459992704423,1.34089840109941,21,"positive regulation of ATPase activity"
"GO:0019722",0.0933123034143259,0.292988288854944,0.287805130535564,-0.343188331515738,-1.25579557951872,50,"calcium-mediated signaling"
"GO:2000772",0.0933147632311978,0.292988288854944,0.170932335370056,0.665295044576855,1.3596963412983,10,"regulation of cellular senescence"
"GO:0032435",0.0938242280285036,0.294136076825554,0.156312403073186,0.533770610803365,1.33542099280308,28,"negative regulation of proteasomal ubiquitin-dependent protein catabolic process"
"GO:0010390",0.094722598105548,0.2954082475362,0.166933848713193,0.646921124314114,1.37964656006456,12,"histone monoubiquitination"
"GO:0035023",0.0944804339679054,0.2954082475362,0.287805130535564,-0.457462697354221,-1.38919449119839,23,"regulation of Rho protein signal transduction"
"GO:0043280",0.0948081264108352,0.2954082475362,0.151148761385484,0.496061896993791,1.32509390953612,43,"positive regulation of cysteine-type endopeptidase activity involved in apoptotic process"
"GO:0051146",0.094722598105548,0.2954082475362,0.166933848713193,0.647089916717282,1.38000653263253,12,"striated muscle cell differentiation"
"GO:0035563",0.0957446808510638,0.297419646899049,0.16440575583821,0.62830719300987,1.3690540959399,13,"positive regulation of chromatin binding"
"GO:0098655",0.0956756839828101,0.297419646899049,0.287805130535564,-0.413891750324777,-1.35071137318261,29,"cation transmembrane transport"
"GO:1902808",0.096100278551532,0.298071273686391,0.16823816568964,0.660246079239678,1.34937752147202,10,"positive regulation of cell cycle G1/S phase transition"
"GO:0002230",0.0964285714285714,0.298184568835098,0.154190966581424,0.538655119464746,1.3394816249597,27,"positive regulation of defense response to virus by host"
"GO:0014823",0.0963995354239257,0.298184568835098,0.152144922367565,0.510986214537378,1.31879449142717,34,"response to activity"
"GO:0034622",0.0966921119592875,0.298234696424742,0.159646701919906,0.589655413315691,1.35464996543569,17,"cellular protein-containing complex assembly"
"GO:0071364",0.0967365967365967,0.298234696424742,0.152144922367565,0.507652225711201,1.31631836572398,35,"cellular response to epidermal growth factor stimulus"
"GO:0001774",0.096969696969697,0.29850310332238,0.155241966228839,0.54888068220189,1.33379152893237,24,"microglial cell activation"
"GO:0043124",0.0971241684927521,0.29852902315667,0.287805130535564,-0.349502738225971,-1.23321368202907,42,"negative regulation of I-kappaB kinase/NF-kappaB signaling"
"GO:0061003",0.0979643765903308,0.300506531226975,0.158514105424824,0.589166032472885,1.35352568212238,17,"positive regulation of dendritic spine morphogenesis"
"GO:0071407",0.0980615735461802,0.300506531226975,0.149207542435322,0.502094885377229,1.32731797193169,38,"cellular response to organic cyclic compound"
"GO:0002281",0.0987821380243572,0.301675466677753,0.163180127180689,0.643315717393784,1.37195754347766,12,"macrophage activation involved in immune response"
"GO:0045926",0.0988857938718663,0.301675466677753,0.165656695205483,0.657179388098872,1.34310997332472,10,"negative regulation of growth"
"GO:0099175",0.0987821380243572,0.301675466677753,0.163180127180689,0.642707638001786,1.37066073215108,12,"regulation of postsynapse organization"
"GO:0030865",0.0993464052287582,0.302628989996396,0.159646701919906,0.596508663106707,1.35635743897583,16,"cortical cytoskeleton organization"
"GO:0010744",0.100278551532033,0.305013927576602,0.16440575583821,0.655191513640873,1.33904725611447,10,"positive regulation of macrophage derived foam cell differentiation"
"GO:0001933",0.101196953210011,0.307350033226244,0.142901149386948,0.465359316586414,1.30899802362471,63,"negative regulation of protein phosphorylation"
"GO:0032740",0.102756892230576,0.311163092917479,0.153158808683073,0.57411893825937,1.34273531304852,19,"positive regulation of interleukin-17 production"
"GO:0036258",0.102625298329356,0.311163092917479,0.149207542435322,0.524459307570398,1.32291284112834,30,"multivesicular body assembly"
"GO:1904355",0.103267973856209,0.312248133967591,0.156312403073186,0.594526899683633,1.35185125201254,16,"positive regulation of telomere capping"
"GO:0001755",0.103575832305795,0.312716397685444,0.151148761385484,0.557962630628702,1.33017673965731,21,"neural crest cell migration"
"GO:0000132",0.104242424242424,0.313064148539034,0.149207542435322,0.545573546827666,1.32575512085643,24,"establishment of mitotic spindle orientation"
"GO:0006306",0.104242424242424,0.313064148539034,0.149207542435322,0.544326324587745,1.32272434474745,24,"DNA methylation"
"GO:0006904",0.104242424242424,0.313064148539034,0.149207542435322,0.545591955524599,1.32579985437471,24,"vesicle docking involved in exocytosis"
"GO:0048468",0.104456824512535,0.313064148539034,0.160801401070022,0.653374184918969,1.33533309164826,10,"cell development"
"GO:0097435",0.104311543810848,0.313064148539034,0.160801401070022,0.639656693962747,1.33073299474081,11,"supramolecular fiber organization"
"GO:0045444",0.104972375690608,0.313752798556357,0.141225119642531,0.475115853413935,1.30628979706326,50,"fat cell differentiation"
"GO:0071280",0.104993597951344,0.313752798556357,0.153158808683073,0.577187179359498,1.33195377256721,18,"cellular response to copper ion"
"GO:0030031",0.105651105651106,0.314338951893537,0.149207542435322,0.552762013440771,1.3264400983859,22,"cell projection assembly"
"GO:0070269",0.105485232067511,0.314338951893537,0.287857117255149,-0.494142453701491,-1.40269122254557,16,"pyroptosis"
"GO:0071498",0.105633802816901,0.314338951893537,0.261663521711573,-0.596997522264139,-1.4680136394344,10,"cellular response to fluid shear stress"
"GO:0006470",0.106339468302658,0.315837688389521,0.134273452883202,0.419452641904673,1.24537152614611,112,"protein dephosphorylation"
"GO:0010596",0.106463878326996,0.315837688389521,0.271288554688953,-0.564076354696955,-1.46579180707701,12,"negative regulation of endothelial cell migration"
"GO:0048863",0.109181141439206,0.323429352321358,0.147331213699377,0.564031802146873,1.33260103396357,20,"stem cell differentiation"
"GO:0043484",0.109464082098062,0.323798239954324,0.140406238523342,0.493475181993077,1.30453126856603,38,"regulation of RNA splicing"
"GO:0006851",0.110372340425532,0.326013098019924,0.152144922367565,0.621364356646234,1.35392595692315,13,"mitochondrial calcium ion transmembrane transport"
"GO:0030148",0.11060433295325,0.326226921437868,0.139599673451922,0.493017785211086,1.30332211271378,38,"sphingolipid biosynthetic process"
"GO:0001501",0.111229946524064,0.327599439042056,0.134273452883202,0.450320545677305,1.27732951680835,67,"skeletal system development"
"GO:0007163",0.112233445566779,0.330079370846757,0.137250779610133,0.484143384267669,1.29888259328574,44,"establishment or maintenance of cell polarity"
"GO:0042775",0.112813370473538,0.331042470663489,0.154190966581424,0.649719607896008,1.32786405208812,10,"mitochondrial ATP synthesis coupled electron transport"
"GO:0098586",0.112884834663626,0.331042470663489,0.138022242496643,0.489301017258687,1.29719839525876,39,"cellular response to virus"
"GO:0071345",0.113122171945701,0.331263208391137,0.287857117255149,-0.469934669277035,-1.38490636903275,18,"cellular response to cytokine stimulus"
"GO:0051259",0.113456464379947,0.331766828601734,0.149207542435322,0.601961400152387,1.3297010951743,14,"protein complex oligomerization"
"GO:0032968",0.113667117726658,0.33190798376184,0.151148761385484,0.631380331772795,1.34650372369012,12,"positive regulation of transcription elongation from RNA polymerase II promoter"
"GO:0048024",0.114035087719298,0.332507445503917,0.144630528034484,0.56963996427225,1.33225999837424,19,"regulation of mRNA splicing, via spliceosome"
"GO:0055001",0.114206128133705,0.332531803283892,0.153158808683073,0.649251768968035,1.32690790656461,10,"muscle cell development"
"GO:0045429",0.114832535885167,0.333880090112777,0.140406238523342,0.52949169959333,1.31026819543809,26,"positive regulation of nitric oxide biosynthetic process"
"GO:0016126",0.115032679738562,0.333986928104575,0.147331213699377,0.587380856009265,1.33560238574043,16,"sterol biosynthetic process"
"GO:0046835",0.116707616707617,0.338369317092721,0.141225119642531,0.548079823710676,1.31520444171045,22,"carbohydrate phosphorylation"
"GO:0030890",0.11697247706422,0.338656859942303,0.135740943810425,0.491805161772625,1.29053609399724,37,"positive regulation of B cell proliferation"
"GO:0006895",0.117647058823529,0.340128130460105,0.271288554688953,-0.494291519450792,-1.36015597339688,15,"Golgi to endosome transport"
"GO:0045861",0.118320610687023,0.341592271531462,0.142901149386948,0.575204995782118,1.32145217369099,17,"negative regulation of proteolysis"
"GO:0043029",0.118787878787879,0.342161163703533,0.13880510939114,0.53825777523013,1.30797764298045,24,"T cell homeostasis"
"GO:2000147",0.118852459016393,0.342161163703533,0.266350657088526,-0.529837079882418,-1.42592232482773,14,"positive regulation of cell motility"
"GO:0043551",0.119109947643979,0.342420158908992,0.144630528034484,0.596488828584684,1.33501375273759,15,"regulation of phosphatidylinositol 3-kinase activity"
"GO:0070059",0.119810201660735,0.34394951150919,0.136490437780413,0.513451999565319,1.30068064800217,31,"intrinsic apoptotic signaling pathway in response to endoplasmic reticulum stress"
"GO:0070885",0.12,0.344011220196353,0.261663521711573,-0.532984314245177,-1.39845705759057,13,"negative regulation of calcineurin-NFAT signaling cascade"
"GO:0048490",0.120261437908497,0.344277841855697,0.143758989039275,0.585245920194694,1.33074791127438,16,"anterograde synaptic vesicle transport"
"GO:0048873",0.120838471023428,0.344963456385316,0.13880510939114,0.550704160550378,1.31287262727831,21,"homeostasis of number of cells within a tissue"
"GO:0072593",0.120838471023428,0.344963456385316,0.13880510939114,0.551576397794763,1.31495203122089,21,"reactive oxygen species metabolic process"
"GO:0010608",0.121212121212121,0.345547525463843,0.137250779610133,0.537421320604876,1.30594504075983,24,"posttranscriptional regulation of gene expression"
"GO:1901741",0.121673003802281,0.346378300517915,0.252961123069611,-0.54180623935077,-1.40792135683515,12,"positive regulation of myoblast fusion"
"GO:0007020",0.122828784119107,0.346425061978815,0.138022242496643,0.558903202243588,1.32048402653972,20,"microtubule nucleation"
"GO:0016180",0.122340425531915,0.346425061978815,0.143758989039275,0.609060810537358,1.32711706410394,13,"snRNA processing"
"GO:0032722",0.122327790973872,0.346425061978815,0.135002033828631,0.519611114171069,1.29999587072333,28,"positive regulation of chemokine production"
"GO:0032729",0.122672508214677,0.346425061978815,0.128788713061714,0.45249222362262,1.26747021205476,62,"positive regulation of interferon-gamma production"
"GO:0043086",0.122105263157895,0.346425061978815,0.126253987849115,0.429962012582077,1.24650603094375,84,"negative regulation of catalytic activity"
"GO:0046827",0.122875816993464,0.346425061978815,0.142056643575821,0.584165538776436,1.32829131095285,16,"positive regulation of protein export from nucleus"
"GO:0055089",0.122562674094708,0.346425061978815,0.147331213699377,0.643964980098743,1.31610303503973,10,"fatty acid homeostasis"
"GO:0002548",0.123304562268804,0.34667747631009,0.137250779610133,0.550207315781823,1.31168815484579,21,"monocyte chemotaxis"
"GO:0051489",0.123139377537212,0.34667747631009,0.144630528034484,0.619642292306744,1.32147077119779,12,"regulation of filopodium assembly"
"GO:0016925",0.123820754716981,0.347650580551524,0.133554954557592,0.507047332525618,1.29685736912307,32,"protein sumoylation"
"GO:0048675",0.12406015037594,0.347844920944336,0.138022242496643,0.562821014878321,1.3163120065228,19,"axon extension"
"GO:0006869",0.124885500231839,0.349043715846995,0.287805130535564,-0.33502141092936,-1.18211659750616,42,"lipid transport"
"GO:0009953",0.125,0.349043715846995,0.276500599254472,-0.47769280896903,-1.37035660213716,17,"dorsal/ventral pattern formation"
"GO:0043536",0.125,0.349043715846995,0.132846300606183,0.505627078900655,1.29322483570576,32,"positive regulation of blood vessel endothelial cell migration"
"GO:0051561",0.125348189415042,0.349538470892695,0.14551614609036,0.641420213648296,1.3109021701598,10,"positive regulation of mitochondrial calcium ion concentration"
"GO:0006465",0.126329787234043,0.351317122593718,0.141225119642531,0.606097826922696,1.32066085144398,13,"signal peptide processing"
"GO:1905168",0.126329787234043,0.351317122593718,0.141225119642531,0.606171131784665,1.32082057955571,13,"positive regulation of double-strand break repair via homologous recombination"
"GO:0008015",0.127791563275434,0.354899395835581,0.135002033828631,0.554523634324861,1.31013670797613,20,"blood circulation"
"GO:0035335",0.12847965738758,0.356326213975867,0.12384217120105,0.439886839325167,1.25630297927162,73,"peptidyl-tyrosine dephosphorylation"
"GO:0050908",0.129277566539924,0.358053314373448,0.245041785430996,-0.53587039686931,-1.39249665554254,12,"detection of light stimulus involved in visual perception"
"GO:0043085",0.12969696969697,0.358244062244062,0.132147260608774,0.526105231019334,1.28802676045216,25,"positive regulation of catalytic activity"
"GO:0043968",0.129581151832461,0.358244062244062,0.138022242496643,0.590204841782268,1.32094943434431,15,"histone H2A acetylation"
"GO:0001502",0.130281690140845,0.358406156995811,0.234392647294686,-0.575157425951793,-1.41430896214949,10,"cartilage condensation"
"GO:0002456",0.130281690140845,0.358406156995811,0.234392647294686,-0.574266256429527,-1.41211758117227,10,"T cell mediated immunity"
"GO:0048741",0.130252100840336,0.358406156995811,0.257206466468838,-0.4824570423262,-1.32759070751709,15,"skeletal muscle fiber development"
"GO:0007420",0.130831643002028,0.35895285677335,0.118815039412263,0.394715795288813,1.18638318766082,159,"brain development"
"GO:0051092",0.130831643002028,0.35895285677335,0.118815039412263,0.405880572517456,1.20884488176959,126,"positive regulation of NF-kappaB transcription factor activity"
"GO:0042594",0.132775119617225,0.363796708441833,0.129442887745046,0.519927190076721,1.2866000763076,26,"response to starvation"
"GO:0045736",0.133333333333333,0.364837126282909,0.130105630751129,0.522144527187677,1.27833004537576,25,"negative regulation of cyclin-dependent protein serine/threonine kinase activity"
"GO:0035493",0.133802816901408,0.365632296452512,0.231126709673834,-0.571658520278747,-1.40570517225159,10,"SNARE complex assembly"
"GO:0007286",0.134509371554576,0.366582873943403,0.122679189568808,0.457705023361496,1.26319884887487,54,"spermatid development"
"GO:1901224",0.134509371554576,0.366582873943403,0.122679189568808,0.458797718106258,1.26621452638179,54,"positive regulation of NIK/NF-kappaB signaling"
"GO:0009791",0.135164835164835,0.367389525368249,0.122107920287081,0.455243796540963,1.26162344677743,55,"post-embryonic development"
"GO:0032008",0.135005973715651,0.367389525368249,0.128142916898415,0.51028425824801,1.28108069796302,29,"positive regulation of TOR signaling"
"GO:0060236",0.135947712418301,0.368826575723127,0.134273452883202,0.577641278246677,1.31345627191542,16,"regulation of mitotic spindle organization"
"GO:1903078",0.136054421768707,0.368826575723127,0.12384217120105,0.478271304186172,1.27292552244504,41,"positive regulation of protein localization to plasma membrane"
"GO:0007498",0.137003841229193,0.370908412546319,0.132147260608774,0.558863957597689,1.28966994294661,18,"mesoderm development"
"GO:0014003",0.137404580152672,0.371501272264631,0.131457611642763,0.566956694987728,1.30250286849731,17,"oligodendrocyte development"
"GO:0051493",0.137755102040816,0.371956973013776,0.276500599254472,-0.452460174758619,-1.33706133201055,20,"regulation of cytoskeleton organization"
"GO:0003180",0.138522427440633,0.373043269682022,0.133554954557592,0.587143755187127,1.29696969622875,14,"aortic valve morphogenesis"
"GO:0009416",0.138522427440633,0.373043269682022,0.133554954557592,0.587501332246414,1.29775956515925,14,"response to light stimulus"
"GO:0051865",0.139281828073993,0.374359640029233,0.119348440591015,0.444549111168576,1.25046149756353,63,"protein autoubiquitination"
"GO:0070935",0.139377537212449,0.374359640029233,0.135002033828631,0.614507452148461,1.31052003192743,12,"3'-UTR-mediated mRNA stabilization"
"GO:0048011",0.139627659574468,0.374539286312615,0.133554954557592,0.598832427684629,1.30482986192774,13,"neurotrophin TRK receptor signaling pathway"
"GO:0001895",0.140350877192982,0.37549370809222,0.128788713061714,0.554590662235473,1.29706305931701,19,"retina homeostasis"
"GO:0005975",0.140225179119754,0.37549370809222,0.114750719227023,0.408200428757451,1.21038473583771,111,"carbohydrate metabolic process"
"GO:0016024",0.142287234042553,0.380176609650953,0.132147260608774,0.598166814431079,1.30337951954551,13,"CDP-diacylglycerol biosynthetic process"
"GO:0008306",0.142483660130719,0.380204440348811,0.130777137971974,0.57312012817248,1.30317595929778,16,"associative learning"
"GO:0016573",0.142688679245283,0.380255098275565,0.123257226381337,0.49907762439667,1.27647352317065,32,"histone acetylation"
"GO:0043171",0.14344262295082,0.380976430976431,0.241339976815091,-0.507975169839439,-1.36708653024616,14,"peptide catabolic process"
"GO:0050890",0.143198090692124,0.380976430976431,0.12384217120105,0.506357891224518,1.27725325270859,30,"cognition"
"GO:1900016",0.143518518518519,0.380976430976431,0.257206466468838,-0.463111178189293,-1.32852630108644,17,"negative regulation of cytokine production involved in inflammatory response"
"GO:0042104",0.144078144078144,0.381471148310527,0.125033367555272,0.526775195669736,1.27577210610809,23,"positive regulation of activated T cell proliferation"
"GO:0043923",0.143979057591623,0.381471148310527,0.130105630751129,0.582519591612492,1.30374891997052,15,"positive regulation by host of viral transcription"
"GO:0043433",0.144432194046307,0.381913848163843,0.11776578836269,0.45330438977454,1.25105374450058,54,"negative regulation of DNA-binding transcription factor activity"
"GO:0032736",0.144645340751043,0.381983302965287,0.134273452883202,0.620047546072241,1.28993839297562,11,"positive regulation of interleukin-13 production"
"GO:0002687",0.144846796657382,0.382021744990565,0.134273452883202,0.632514468881342,1.29270105972786,10,"positive regulation of leukocyte migration"
"GO:0022408",0.146143437077131,0.384944826527908,0.131457611642763,0.60920207318184,1.29920559564449,12,"negative regulation of cell-cell adhesion"
"GO:0050729",0.146768893756846,0.386094747540531,0.116234148779716,0.443040409217459,1.24099485494806,62,"positive regulation of inflammatory response"
"GO:0051602",0.147247119078105,0.386854898966127,0.126875729929857,0.554041684065638,1.27854175844589,18,"response to electrical stimulus"
"GO:0038083",0.14828897338403,0.389091991780434,0.227987202850442,-0.530724486833991,-1.37912464888614,12,"peptidyl-tyrosine autophosphorylation"
"GO:0008154",0.149321266968326,0.390297531564268,0.248911114434702,-0.439213258057445,-1.2943697884286,18,"actin polymerization or depolymerization"
"GO:0018022",0.149025069637883,0.390297531564268,0.132147260608774,0.6313143627456,1.29024834354541,10,"peptidyl-lysine methylation"
"GO:0032691",0.149321266968326,0.390297531564268,0.248911114434702,-0.446836739509154,-1.31683633262487,18,"negative regulation of interleukin-1 beta production"
"GO:0036120",0.150523560209424,0.392937620776581,0.126875729929857,0.579254475130106,1.29644119650716,15,"cellular response to platelet-derived growth factor stimulus"
"GO:0001829",0.151556156968877,0.394784778186509,0.128788713061714,0.604689105000511,1.28958108224859,12,"trophectodermal cell differentiation"
"GO:0010243",0.151810584958217,0.394784778186509,0.130777137971974,0.630465264980121,1.28851300050545,10,"response to organonitrogen compound"
"GO:0030866",0.151732377538829,0.394784778186509,0.119887845115423,0.501290517562039,1.25850169927935,29,"cortical actin cytoskeleton organization"
"GO:0009880",0.152091254752852,0.395012102560138,0.224966093540314,-0.522306748875819,-1.35725056884278,12,"embryonic pattern specification"
"GO:0051965",0.152542372881356,0.395680977372451,0.276500599254472,-0.426297160008212,-1.29033957282446,24,"positive regulation of synapse assembly"
"GO:0006744",0.153141361256545,0.396731232456752,0.12563992130984,0.577101450268388,1.29162246786945,15,"ubiquinone biosynthetic process"
"GO:0010033",0.153944020356234,0.398305794440687,0.123257226381337,0.560026205075418,1.28658104753519,17,"response to organic substance"
"GO:0001843",0.155115511551155,0.399050344964632,0.112843355675562,0.441855570762236,1.22807297005363,58,"neural tube closure"
"GO:0006826",0.155615696887686,0.399050344964632,0.126875729929857,0.60101330659466,1.28174194632379,12,"iron ion transport"
"GO:0030301",0.155893536121673,0.399050344964632,0.222056046145248,-0.515179217356216,-1.3387291803479,12,"cholesterol transport"
"GO:0033169",0.155893536121673,0.399050344964632,0.222056046145248,-0.507627451942361,-1.31910539044708,12,"histone H3-K9 demethylation"
"GO:0040019",0.155988857938719,0.399050344964632,0.128788713061714,0.628880269098152,1.28527366613906,10,"positive regulation of embryonic development"
"GO:0045618",0.155759162303665,0.399050344964632,0.124434168630393,0.574774729680452,1.2864149873018,15,"positive regulation of keratinocyte differentiation"
"GO:0061028",0.155759162303665,0.399050344964632,0.124434168630393,0.574522207079592,1.28584981134398,15,"establishment of endothelial barrier"
"GO:0070213",0.155893536121673,0.399050344964632,0.222056046145248,-0.51138676442608,-1.32887422651509,12,"protein auto-ADP-ribosylation"
"GO:2001234",0.155067155067155,0.399050344964632,0.119887845115423,0.523762676910565,1.26847622840984,23,"negative regulation of apoptotic signaling pathway"
"GO:0006883",0.158244680851064,0.404315159574468,0.124434168630393,0.587955655688499,1.28112984795755,13,"cellular sodium ion homeostasis"
"GO:0006027",0.158450704225352,0.404336129134357,0.211400189384923,-0.542924924665554,-1.33504941791917,10,"glycosaminoglycan catabolic process"
"GO:0010458",0.159675236806495,0.406952847920793,0.125033367555272,0.599386204244289,1.27827193108362,12,"exit from mitosis"
"GO:0001934",0.160081053698075,0.407479045776918,0.105520936843198,0.391269101050525,1.17236725205752,146,"positive regulation of protein phosphorylation"
"GO:0007416",0.160493827160494,0.408021620293594,0.282013350011725,-0.40400309590373,-1.2638901896591,27,"synapse assembly"
"GO:0050796",0.161212121212121,0.409104421819766,0.116739204791222,0.511996919749541,1.2534863655105,25,"regulation of insulin secretion"
"GO:0071786",0.161335187760779,0.409104421819766,0.126253987849115,0.609773853327669,1.26856514379044,11,"endoplasmic reticulum tubular network organization"
"GO:1904707",0.161520190023753,0.409104421819766,0.115240003147781,0.496306762766154,1.24169157397131,28,"positive regulation of vascular associated smooth muscle cell proliferation"
"GO:0048535",0.162037037037037,0.409905573890722,0.241339976815091,-0.438543494197591,-1.25804902505227,17,"lymph node development"
"GO:0046513",0.162393162393162,0.410173188500633,0.116739204791222,0.521164772763254,1.26218448636745,23,"ceramide biosynthetic process"
"GO:0090160",0.162544169611307,0.410173188500633,0.208955027549354,-0.526106739823567,-1.34738604654143,11,"Golgi to lysosome transport"
"GO:0003148",0.163498098859316,0.410552965686046,0.216542836735348,-0.500429973373151,-1.30040223965816,12,"outflow tract septum morphogenesis"
"GO:0030502",0.162952646239554,0.410552965686046,0.12563992130984,0.625660107203262,1.27869246223177,10,"negative regulation of bone mineralization"
"GO:0045725",0.163498098859316,0.410552965686046,0.216542836735348,-0.499492038415887,-1.29796495015917,12,"positive regulation of glycogen biosynthetic process"
"GO:0070102",0.163498098859316,0.410552965686046,0.216542836735348,-0.500149035267596,-1.29967220236801,12,"interleukin-6-mediated signaling pathway"
"GO:0032456",0.163879598662207,0.411006011859573,0.110122263835536,0.453546729007239,1.24343854275458,49,"endocytic recycling"
"GO:0007569",0.165012406947891,0.413339901717511,0.116739204791222,0.537793078150907,1.27060851759514,20,"cell aging"
"GO:0032481",0.165394402035623,0.413789666781902,0.118287526124085,0.555250094087609,1.27560860763478,17,"positive regulation of type I interferon production"
"GO:0043278",0.166013071895425,0.414323222166359,0.119887845115423,0.559982408790567,1.27330305967881,16,"response to morphine"
"GO:0050769",0.165847665847666,0.414323222166359,0.115734447701689,0.525401136936016,1.26078333681326,22,"positive regulation of neurogenesis"
"GO:0042761",0.166898470097357,0.416024966925608,0.12384217120105,0.608410597104082,1.26572904427935,11,"very long-chain fatty acid biosynthetic process"
"GO:0032516",0.16754617414248,0.417130791653142,0.119887845115423,0.57859211078204,1.27807956319346,14,"positive regulation of phosphoprotein phosphatase activity"
"GO:0034332",0.168032786885246,0.417833353276694,0.222056046145248,-0.47868993924973,-1.28827274829103,14,"adherens junction organization"
"GO:0071168",0.168882978723404,0.419437191385952,0.119887845115423,0.58304120730376,1.27042147828541,13,"protein localization to chromatin"
"GO:0016601",0.170160295930949,0.422096656411239,0.114266502484433,0.530074531184834,1.26369181906024,21,"Rac protein signal transduction"
"GO:0050684",0.170500676589986,0.422428342969615,0.120433371642259,0.59473086304345,1.26834378801907,12,"regulation of mRNA processing"
"GO:0031175",0.171727748691099,0.424335257845332,0.103197466945307,0.412884745061279,1.20069559375159,87,"neuron projection development"
"GO:0033198",0.171542553191489,0.424335257845332,0.118815039412263,0.582572603292149,1.26940041048831,13,"response to ATP"
"GO:0090398",0.171893147502904,0.424335257845332,0.109684061970549,0.484254670115897,1.24980356265563,34,"cellular senescence"
"GO:0045947",0.172872340425532,0.4257241732889,0.118287526124085,0.582211673176527,1.26861395943596,13,"negative regulation of translational initiation"
"GO:0071222",0.172839506172839,0.4257241732889,0.101713902282311,0.402337725549428,1.18599078861507,104,"cellular response to lipopolysaccharide"
"GO:0071380",0.173207036535859,0.42603511754428,0.119348440591015,0.592771329707346,1.26416481886058,12,"cellular response to prostaglandin E stimulus"
"GO:0010613",0.174083769633508,0.42767695328232,0.116739204791222,0.564570274293949,1.26357618860627,15,"positive regulation of cardiac muscle hypertrophy"
"GO:0007097",0.174904942965779,0.429103182100784,0.208955027549354,-0.496322402149992,-1.28972842893066,12,"nuclear migration"
"GO:0046854",0.175084175084175,0.429103182100784,0.106323255932708,0.458602466561552,1.23036022056924,44,"phosphatidylinositol phosphate biosynthetic process"
"GO:0031667",0.175563463819692,0.429762538978981,0.109684061970549,0.488489457584958,1.23744534011305,31,"response to nutrient levels"
"GO:0001666",0.176891615541922,0.43146355867266,0.0999276973731092,0.394575434418468,1.17096495239094,119,"response to hypoxia"
"GO:0007029",0.176610978520286,0.43146355867266,0.109684061970549,0.487708309704758,1.23021095501641,30,"endoplasmic reticulum organization"
"GO:0014065",0.176829268292683,0.43146355867266,0.266350657088526,-0.368137870866425,-1.2107123849909,30,"phosphatidylinositol 3-kinase signaling"
"GO:0045732",0.177437020810515,0.432236842105263,0.103958471559957,0.430385582173373,1.20554757987962,62,"positive regulation of protein catabolic process"
"GO:0070373",0.177631578947368,0.432236842105263,0.103958471559957,0.444173428154888,1.22749521712824,52,"negative regulation of ERK1 and ERK2 cascade"
"GO:0032147",0.178888888888889,0.434778702602722,0.104343952581949,0.452998456545274,1.23189164889333,47,"activation of protein kinase activity"
"GO:0006516",0.180212014134276,0.436873896478022,0.197822021315103,-0.50855302115953,-1.30243008266085,11,"glycoprotein catabolic process"
"GO:0030225",0.180392156862745,0.436873896478022,0.114266502484433,0.553399433354669,1.25833451310889,16,"macrophage differentiation"
"GO:1903077",0.180392156862745,0.436873896478022,0.114266502484433,0.553446612490446,1.25844179029652,16,"negative regulation of protein localization to plasma membrane"
"GO:0051492",0.180738786279683,0.437195359947542,0.114750719227023,0.572901132120278,1.26550849043491,14,"regulation of stress fiber assembly"
"GO:0010225",0.181058495821727,0.437451023001903,0.118287526124085,0.61999751136905,1.26711953545171,10,"response to UV-C"
"GO:0016567",0.182817182817183,0.4408168682294,0.0965629554309422,0.357144142153556,1.10244239296842,398,"protein ubiquitination"
"GO:0030336",0.183002375402283,0.4408168682294,0.249246554383295,-0.281142381472878,-1.14880188407151,81,"negative regulation of cell migration"
"GO:0060340",0.183098591549296,0.4408168682294,0.195789002148949,-0.532280627634464,-1.30887514978391,10,"positive regulation of type I interferon-mediated signaling pathway"
"GO:0034198",0.183371298405467,0.440954039930323,0.104343952581949,0.458129782106573,1.21678778573013,42,"cellular response to amino acid starvation"
"GO:0090141",0.183622828784119,0.441040025892761,0.109684061970549,0.528313030529446,1.24821062936561,20,"positive regulation of mitochondrial fission"
"GO:0045945",0.183844011142061,0.441053003256307,0.117249716749792,0.61894816506196,1.26497493457705,10,"positive regulation of transcription by RNA polymerase III"
"GO:0007259",0.184210526315789,0.441414203739125,0.107140237276725,0.503007201403643,1.24473025466066,26,"receptor signaling pathway via JAK-STAT"
"GO:0045104",0.184873949579832,0.442485190797631,0.213927855492356,-0.455920804197077,-1.25457018949786,15,"intermediate filament cytoskeleton organization"
"GO:0007612",0.185314685314685,0.442503757924319,0.105125131597001,0.476581110543058,1.23575242418388,35,"learning"
"GO:0032436",0.185224839400428,0.442503757924319,0.0999276973731092,0.420745815077178,1.1951387600292,68,"positive regulation of proteasomal ubiquitin-dependent protein catabolic process"
"GO:0060048",0.186440677966102,0.444672982220201,0.248911114434702,-0.406442138968263,-1.23024130858405,24,"cardiac muscle contraction"
"GO:0032148",0.18671679197995,0.444812497444076,0.109250039480711,0.530673245963847,1.24112559186095,19,"activation of protein kinase B activity"
"GO:0006376",0.187022900763359,0.445023060722125,0.110122263835536,0.545295443366787,1.2527392046744,17,"mRNA splice site selection"
"GO:0071260",0.187772925764192,0.446288209606987,0.10027910675413,0.429971976836381,1.20440008648099,61,"cellular response to mechanical stimulus"
"GO:0043518",0.18809201623816,0.446349119694281,0.11378726182188,0.586947473763853,1.25174466048768,12,"negative regulation of DNA damage response, signal transduction by p53 class mediator"
"GO:2001034",0.188235294117647,0.446349119694281,0.11146266692298,0.550862550843797,1.25256608143598,16,"positive regulation of double-strand break repair via nonhomologous end joining"
"GO:0006809",0.188654353562005,0.446824448065746,0.111918316325105,0.569407415042512,1.25779105303218,14,"nitric oxide biosynthetic process"
"GO:0006836",0.189500640204866,0.448287270226567,0.109684061970549,0.536680321719888,1.23847757666869,18,"neurotransmitter transport"
"GO:0032355",0.189710610932476,0.448287270226567,0.0985499803531691,0.415678175800961,1.18572667552852,71,"response to estradiol"
"GO:2000145",0.189973614775726,0.448390379447555,0.11146266692298,0.567653503612467,1.25391675486492,14,"regulation of cell motility"
"GO:0033628",0.190542420027816,0.449214194390838,0.114750719227023,0.602470535294562,1.25337142133046,11,"regulation of cell adhesion mediated by integrin"
"GO:0015937",0.191933240611961,0.451971824666876,0.114266502484433,0.601097767731472,1.25051553455939,11,"coenzyme A biosynthetic process"
"GO:0071549",0.192874692874693,0.453666136059692,0.105920292736253,0.515845843530059,1.23785389517778,22,"cellular response to dexamethasone stimulus"
"GO:0002084",0.193593314763231,0.454310832808318,0.11378726182188,0.613794903820397,1.25444296005984,10,"protein depalmitoylation"
"GO:0032743",0.193396226415094,0.454310832808318,0.103197466945307,0.480498160352504,1.22895347264595,32,"positive regulation of interleukin-2 production"
"GO:0030182",0.19468085106383,0.456339059145032,0.0965629554309422,0.416918502509951,1.19408891109238,74,"neuron differentiation"
"GO:0001558",0.195175438596491,0.456974337332449,0.0982123351217438,0.438627542074716,1.21216888690081,52,"regulation of cell growth"
"GO:0006919",0.197198275862069,0.461182237828454,0.0965629554309422,0.421577559590101,1.18964835391196,65,"activation of cysteine-type endopeptidase activity involved in apoptotic process"
"GO:0031214",0.19749652294854,0.461351877607789,0.112378519110475,0.599894109211283,1.24801145991695,11,"biomineral tissue development"
"GO:0002042",0.198952879581152,0.463130741758329,0.107972360317345,0.557520218470813,1.24779731559068,15,"cell migration involved in sprouting angiogenesis"
"GO:0050773",0.198917456021651,0.463130741758329,0.110122263835536,0.583314079871658,1.24399595790815,12,"regulation of dendrite development"
"GO:0055091",0.1991643454039,0.463130741758329,0.111918316325105,0.610535081616576,1.24778070042038,10,"phospholipid homeostasis"
"GO:1902895",0.198606271777003,0.463130741758329,0.100633389423036,0.471661046759483,1.21730092239442,34,"positive regulation of pri-miRNA transcription by RNA polymerase II"
"GO:0030522",0.2,0.463492063492064,0.102821842840815,0.498306184922873,1.21996829386382,25,"intracellular receptor signaling pathway"
"GO:0048015",0.2,0.463492063492064,0.276500599254472,-0.343777908870642,-1.16386503642685,36,"phosphatidylinositol-mediated signaling"
"GO:0097192",0.2,0.463492063492064,0.102821842840815,0.49853327459022,1.22052426166516,25,"extrinsic apoptotic signaling pathway in absence of ligand"
"GO:0019731",0.200819672131148,0.464864563800754,0.20207170902116,-0.456995206745195,-1.22988686971823,14,"antibacterial humoral response"
"GO:0072583",0.201465201465201,0.465779431792133,0.102821842840815,0.507345249547348,1.2287156321323,23,"clathrin-dependent endocytosis"
"GO:1903955",0.201670644391408,0.465779431792133,0.101350743797099,0.478839221341784,1.20783928439274,30,"positive regulation of protein targeting to mitochondrion"
"GO:0002262",0.201949860724234,0.465897872822048,0.11101149245045,0.609007639213218,1.24465899094078,10,"myeloid cell homeostasis"
"GO:0031929",0.202304737516005,0.466190398514898,0.105520936843198,0.533612401509468,1.23139784925212,18,"TOR signaling"
"GO:0010881",0.203457446808511,0.468318717653824,0.107554375265169,0.572949656678649,1.24843242759269,13,"regulation of cardiac muscle contraction by regulation of the release of sequestered calcium ion"
"GO:0007250",0.203921568627451,0.468588641422421,0.106323255932708,0.545949717509201,1.24139514888804,16,"activation of NF-kappaB-inducing kinase activity"
"GO:1901216",0.204033214709371,0.468588641422421,0.10027910675413,0.476120632074668,1.2061125339435,31,"positive regulation of neuron death"
"GO:0050806",0.204735376044568,0.469673522598314,0.110122263835536,0.607902245899037,1.24239984402958,10,"positive regulation of synaptic transmission"
"GO:0035855",0.205228758169935,0.470277557958909,0.105920292736253,0.545126614495229,1.23952355512068,16,"megakaryocyte development"
"GO:0048661",0.206349206349206,0.472315540624611,0.096887770327544,0.451825943204822,1.20254083775083,41,"positive regulation of smooth muscle cell proliferation"
"GO:0007010",0.207180471352097,0.473158528987359,0.249246554383295,-0.271313897132731,-1.22690759271942,105,"cytoskeleton organization"
"GO:0016358",0.207142857142857,0.473158528987359,0.0995791200495904,0.485519460430768,1.20734839845874,27,"dendrite development"
"GO:0015914",0.207570207570208,0.473519536019536,0.100990587455923,0.50542651766368,1.22406874549753,23,"phospholipid transport"
"GO:0043276",0.208623087621697,0.475390848493588,0.108820126769161,0.595056324532926,1.23794699916214,11,"anoikis"
"GO:0061709",0.209016393442623,0.475756690642229,0.197822021315103,-0.447939604545292,-1.20551600963334,14,"reticulophagy"
"GO:0001938",0.209821428571429,0.475998890122087,0.0949751525905595,0.442954573680391,1.19767834543491,46,"positive regulation of endothelial cell proliferation"
"GO:0048662",0.209677419354839,0.475998890122087,0.101350743797099,0.516650258362624,1.22065576066985,20,"negative regulation of smooth muscle cell proliferation"
"GO:0120162",0.209625668449198,0.475998890122087,0.0925528864684773,0.417314129119442,1.18370716153691,67,"positive regulation of cold-induced thermogenesis"
"GO:0060292",0.211096075778078,0.478359621829703,0.106323255932708,0.580021276271326,1.23697361006786,12,"long-term synaptic depression"
"GO:0007369",0.211764705882353,0.478866266476886,0.103958471559957,0.542969072334563,1.23461767773697,16,"gastrulation"
"GO:0050790",0.211788211788212,0.478866266476886,0.0880945010398517,0.354774749843951,1.09368621339224,373,"regulation of catalytic activity"
"GO:0006958",0.2125,0.479944751381215,0.245041785430996,-0.378872339318894,-1.21558276471094,28,"complement activation, classical pathway"
"GO:0097202",0.213114754098361,0.480801939709767,0.195789002148949,-0.446637768429382,-1.2020124474037,14,"activation of cysteine-type endopeptidase activity"
"GO:0006471",0.214659685863874,0.482689106606996,0.222056046145248,-0.401434573912003,-1.20883874836198,21,"protein ADP-ribosylation"
"GO:0030324",0.214444444444444,0.482689106606996,0.0934449219410994,0.439969762750306,1.19646119907589,47,"lung development"
"GO:0043123",0.214213197969543,0.482689106606996,0.0883594442500905,0.374483771269452,1.12453327149915,163,"positive regulation of I-kappaB kinase/NF-kappaB signaling"
"GO:0006536",0.215155615696888,0.482742127864367,0.105125131597001,0.579011147381318,1.23481937395477,12,"glutamate metabolic process"
"GO:0010762",0.215155615696888,0.482742127864367,0.105125131597001,0.577551440225935,1.23170635154765,12,"regulation of fibroblast migration"
"GO:0034142",0.215877437325905,0.483300637342991,0.106729884364606,0.60418701205146,1.23480683712115,10,"toll-like receptor 4 signaling pathway"
"GO:0036503",0.215686274509804,0.483300637342991,0.102821842840815,0.541859215179097,1.23209405469154,16,"ERAD pathway"
"GO:0042177",0.216969696969697,0.484737312046859,0.0978773277424561,0.493793620405203,1.208920496742,25,"negative regulation of protein catabolic process"
"GO:0070266",0.216993464052288,0.484737312046859,0.102449405629826,0.539417032122306,1.2265409531839,16,"necroptotic process"
"GO:0002027",0.21882951653944,0.485282670292375,0.10027910675413,0.532916768423938,1.22430094869507,17,"regulation of heart rate"
"GO:0006476",0.218487394957983,0.485282670292375,0.195789002148949,-0.430219649372914,-1.18384759386012,15,"protein deacetylation"
"GO:0031047",0.217857142857143,0.485282670292375,0.0965629554309422,0.481605467275865,1.19761541399101,27,"gene silencing by RNA"
"GO:0046677",0.2188995215311,0.485282670292375,0.0965629554309422,0.488872935356742,1.20975391927837,26,"response to antibiotic"
"GO:0051272",0.21866295264624,0.485282670292375,0.105920292736253,0.603123220150161,1.23263271307214,10,"positive regulation of cellular component movement"
"GO:0097284",0.218358831710709,0.485282670292375,0.105920292736253,0.593548266784785,1.23480965654951,11,"hepatocyte apoptotic process"
"GO:1901215",0.217732884399551,0.485282670292375,0.0931454575337804,0.444509878170676,1.1950750092953,45,"negative regulation of neuron death"
"GO:0038061",0.219414893617021,0.485372340425532,0.102821842840815,0.56674818423002,1.23491968836082,13,"NIK/NF-kappaB signaling"
"GO:2000114",0.219409282700422,0.485372340425532,0.195789002148949,-0.413788768313512,-1.17459625044064,16,"regulation of establishment of cell polarity"
"GO:0006612",0.220090293453725,0.485840216752125,0.0928481214159878,0.445655288730283,1.19044641894044,43,"protein targeting to membrane"
"GO:0032438",0.220101781170483,0.485840216752125,0.0999276973731092,0.532242350122752,1.22275156797583,17,"melanosome organization"
"GO:0006486",0.222459893048128,0.490515664930285,0.0891647117820678,0.413810968962388,1.17377048439955,67,"protein glycosylation"
"GO:0045089",0.223030303030303,0.491243469174504,0.096240602328129,0.498639103618256,1.211703442964,24,"positive regulation of innate immune response"
"GO:0042098",0.224310776942356,0.493532000075539,0.0978773277424561,0.519693300038338,1.21544596322121,19,"T cell proliferation"
"GO:0032924",0.225352112676056,0.493697447277448,0.175204047558551,-0.499943632154095,-1.2293586549022,10,"activin receptor signaling pathway"
"GO:0042308",0.225312934631433,0.493697447277448,0.103958471559957,0.589286662183788,1.22594387290867,11,"negative regulation of protein import into nucleus"
"GO:0061952",0.225190839694656,0.493697447277448,0.0985499803531691,0.528560615952689,1.21429330412614,17,"midbody abscission"
"GO:0098703",0.225352112676056,0.493697447277448,0.175204047558551,-0.502418111636491,-1.23544338640473,10,"calcium ion import across plasma membrane"
"GO:0033619",0.225626740947075,0.493769869909873,0.103958471559957,0.60050683311755,1.22728547367113,10,"membrane protein proteolysis"
"GO:0061014",0.225981055480379,0.494016339467267,0.102080107662747,0.572770549141626,1.22151045642133,12,"positive regulation of mRNA catabolic process"
"GO:0006631",0.227820372398686,0.497505172203967,0.0891647117820678,0.41876345830303,1.17299299653554,62,"fatty acid metabolic process"
"GO:0043249",0.228136882129278,0.497664660696097,0.181383128498408,-0.469879731960519,-1.22101530348545,12,"erythrocyte maturation"
"GO:0019079",0.228687415426252,0.498333770928847,0.101350743797099,0.571650712154551,1.21912225299284,12,"viral genome replication"
"GO:2001224",0.230053191489362,0.500776063263318,0.0999276973731092,0.563352440221298,1.22752050959026,13,"positive regulation of neuron migration"
"GO:0022409",0.232394366197183,0.503192886130341,0.172324344900946,-0.496636692862654,-1.22122690928589,10,"positive regulation of cell-cell adhesion"
"GO:0050829",0.231707317073171,0.503192886130341,0.231126709673834,-0.356003303625336,-1.17080486118545,30,"defense response to Gram-negative bacterium"
"GO:0050871",0.231939163498099,0.503192886130341,0.179782316298324,-0.460188610929351,-1.19583224858412,12,"positive regulation of B cell activation"
"GO:0070306",0.232394366197183,0.503192886130341,0.172324344900946,-0.495188674411724,-1.21766623984114,10,"lens fiber cell differentiation"
"GO:1903358",0.232,0.503192886130341,0.184706471207739,-0.456271615835597,-1.19717643519622,13,"regulation of Golgi organization"
"GO:0051443",0.233082706766917,0.504149262043999,0.0956031492204301,0.515594329120703,1.20585939041984,19,"positive regulation of ubiquitin-protein transferase activity"
"GO:0002053",0.2336578581363,0.504859050772302,0.101713902282311,0.586264525203624,1.21965666067109,11,"positive regulation of mesenchymal cell proliferation"
"GO:0006635",0.23469387755102,0.506075765113408,0.0894366833718621,0.44566121510111,1.18709587442212,40,"fatty acid beta-oxidation"
"GO:0018107",0.23471615720524,0.506075765113408,0.0873098257637931,0.418817799598954,1.1697605404014,60,"peptidyl-threonine phosphorylation"
"GO:0010801",0.235294117647059,0.50625386996904,0.09754492162472,0.532781946091612,1.21145391614221,16,"negative regulation of peptidyl-threonine phosphorylation"
"GO:0042311",0.235294117647059,0.50625386996904,0.204294756516886,-0.400019847277174,-1.17044232630651,19,"vasodilation"
"GO:0006487",0.235690235690236,0.506572914564502,0.0886261133285098,0.438569294195885,1.17910361293824,45,"protein N-linked glycosylation"
"GO:0010954",0.238161559888579,0.509740553311263,0.100633389423036,0.595582997398436,1.2172223874254,10,"positive regulation of protein processing"
"GO:0032515",0.237467018469657,0.509740553311263,0.09754492162472,0.55033406585754,1.2156590271357,14,"negative regulation of phosphoprotein phosphatase activity"
"GO:0033147",0.238161559888579,0.509740553311263,0.100633389423036,0.595319524363816,1.2166839145717,10,"negative regulation of intracellular estrogen receptor signaling pathway"
"GO:2000353",0.237704918032787,0.509740553311263,0.184706471207739,-0.43595774744885,-1.17326987553774,14,"positive regulation of endothelial cell apoptotic process"
"GO:0006605",0.240566037735849,0.512205188679245,0.0902635484340068,0.460510828196936,1.17783256670222,32,"protein targeting"
"GO:0007566",0.240537240537241,0.512205188679245,0.0922597260527354,0.49408648298619,1.19660484810303,23,"embryo implantation"
"GO:0045744",0.240282685512367,0.512205188679245,0.169570644405628,-0.468724634925964,-1.20042756529077,11,"negative regulation of G protein-coupled receptor signaling pathway"
"GO:0048872",0.24,0.512205188679245,0.181383128498408,-0.450781252564878,-1.18277068804858,13,"homeostasis of number of cells"
"GO:1900153",0.24,0.512205188679245,0.181383128498408,-0.446367763103024,-1.17119046829057,13,"positive regulation of nuclear-transcribed mRNA catabolic process, deadenylation-dependent decay"
"GO:2000272",0.240837696335079,0.512250001362019,0.096240602328129,0.539432564568903,1.20731497031172,15,"negative regulation of signaling receptor activity"
"GO:0035902",0.243351063829787,0.517057769717344,0.0965629554309422,0.555286540497607,1.20994526426917,13,"response to immobilization stress"
"GO:0032446",0.244784422809458,0.518486383650292,0.0988903007520636,0.582289381711807,1.2113868267847,11,"protein modification by small protein conjugation"
"GO:0046697",0.244360902255639,0.518486383650292,0.0928481214159878,0.511931467540425,1.19729277945668,19,"decidualization"
"GO:0050807",0.24468085106383,0.518486383650292,0.096240602328129,0.554045155598968,1.20724034046911,13,"regulation of synapse organization"
"GO:0034113",0.245901639344262,0.520313613684961,0.211400189384923,-0.385300527159208,-1.17005686557859,23,"heterotypic cell-cell adhesion"
"GO:0007166",0.247462661052426,0.523075159453111,0.249246554383295,-0.23395814336219,-1.02333261121967,183,"cell surface receptor signaling pathway"
"GO:0031640",0.248956884561892,0.525147442770388,0.0978773277424561,0.578035071248741,1.20253621776817,11,"killing of cells of other organism"
"GO:1901799",0.248956884561892,0.525147442770388,0.0978773277424561,0.578054370532559,1.20257636773298,11,"negative regulation of proteasomal protein catabolic process"
"GO:0055074",0.24934036939314,0.52541413921606,0.0946646223153342,0.544902626023823,1.20366126200751,14,"calcium ion homeostasis"
"GO:0046931",0.250347705146036,0.526993521440266,0.09754492162472,0.577796936798892,1.2020408061316,11,"pore complex assembly"
"GO:1903861",0.250950570342205,0.52771910059616,0.172324344900946,-0.451638581276432,-1.17361439933169,12,"positive regulation of dendrite extension"
"GO:0010468",0.251266464032421,0.527772613662184,0.0795564677235957,0.371275486489167,1.11481577374767,155,"regulation of gene expression"
"GO:0021549",0.252380952380952,0.527772613662184,0.0880945010398517,0.470597326436878,1.17024130791467,27,"cerebellum development"
"GO:0031146",0.252525252525253,0.527772613662184,0.0847985102819124,0.434634646664467,1.16605822848393,44,"SCF-dependent proteasomal ubiquitin-dependent protein catabolic process"
"GO:0042789",0.252089136490251,0.527772613662184,0.0972150808846466,0.590346436636504,1.20652016956428,10,"mRNA transcription by RNA polymerase II"
"GO:0045722",0.252089136490251,0.527772613662184,0.0972150808846466,0.590658929346516,1.20715882634964,10,"positive regulation of gluconeogenesis"
"GO:0048821",0.251908396946565,0.527772613662184,0.0919686140000427,0.520902371538645,1.19669957006298,17,"erythrocyte development"
"GO:0032418",0.252969121140143,0.527955493741307,0.0878312634480124,0.466263756833022,1.16652808613966,28,"lysosome localization"
"GO:1900025",0.253129346314325,0.527955493741307,0.096887770327544,0.577070461076395,1.20052945602313,11,"negative regulation of substrate adhesion-dependent cell spreading"
"GO:0002726",0.25452016689847,0.52869839546796,0.0965629554309422,0.575219441224935,1.19667861976439,11,"positive regulation of T cell cytokine production"
"GO:0030308",0.254450261780105,0.52869839546796,0.0806388495950661,0.39358442456362,1.14456901107513,87,"negative regulation of cell growth"
"GO:0044319",0.253989361702128,0.52869839546796,0.0940503465727813,0.548086577501298,1.19425685748284,13,"wound healing, spreading of cells"
"GO:0045665",0.254480286738351,0.52869839546796,0.0878312634480124,0.463015202212989,1.1624106149287,29,"negative regulation of neuron differentiation"
"GO:0048568",0.256869772998805,0.53303737665945,0.0873098257637931,0.460883813519496,1.15705971320882,29,"embryonic organ development"
"GO:0035987",0.257918552036199,0.534670913146035,0.186432558434075,-0.393858637149672,-1.16070886177921,18,"endodermal cell differentiation"
"GO:0006874",0.258241758241758,0.534798534798535,0.0824344091527096,0.423689500028063,1.16825374924506,51,"cellular calcium ion homeostasis"
"GO:0032760",0.258711721224921,0.535229512331719,0.0802023444698144,0.396991650358691,1.14393059385835,79,"positive regulation of tumor necrosis factor production"
"GO:0006352",0.259213759213759,0.535725806451613,0.0883594442500905,0.491831050600638,1.18022659170637,22,"DNA-templated transcription, initiation"
"GO:0044257",0.259894459102902,0.535725806451613,0.0922597260527354,0.53989536670578,1.19260048934445,14,"cellular protein catabolic process"
"GO:0097320",0.26,0.535725806451613,0.173747838999571,-0.433345110561646,-1.13702131946519,13,"plasma membrane tubulation"
"GO:2000377",0.259541984732824,0.535725806451613,0.0902635484340068,0.519032764725986,1.19240441267621,17,"regulation of reactive oxygen species metabolic process"
"GO:0045651",0.26063829787234,0.535960443512137,0.0925528864684773,0.546023878396253,1.18976232568395,13,"positive regulation of macrophage differentiation"
"GO:0097502",0.260445682451253,0.535960443512137,0.0952879846194844,0.586689707557024,1.19904673173994,10,"mannosylation"
"GO:0034504",0.262470308788599,0.537026337501397,0.0857844408075645,0.461102637178326,1.15361567134246,28,"protein localization to nucleus"
"GO:0045724",0.262295081967213,0.537026337501397,0.175204047558551,-0.413879063578295,-1.11385068909495,14,"positive regulation of cilium assembly"
"GO:0045746",0.261818181818182,0.537026337501397,0.0870515867946735,0.479800475237765,1.1746620549401,25,"negative regulation of Notch signaling pathway"
"GO:0050768",0.261603375527426,0.537026337501397,0.178219874951973,-0.40320353944509,-1.14454862447539,16,"negative regulation of neurogenesis"
"GO:0070374",0.262461851475076,0.537026337501397,0.0774767547848578,0.374532853768365,1.11469970893087,127,"positive regulation of ERK1 and ERK2 cascade"
"GO:0015031",0.263263263263263,0.537572537572538,0.0764767053228531,0.35234833541716,1.08369884367968,324,"protein transport"
"GO:1904357",0.263231197771588,0.537572537572538,0.0946646223153342,0.586160886525232,1.19796595407897,10,"negative regulation of telomere maintenance via telomere lengthening"
"GO:0006956",0.265017667844523,0.54061488330759,0.160801401070022,-0.453189008987322,-1.16064003924419,11,"complement activation"
"GO:0030317",0.265969802555168,0.542016227739545,0.0838361057159929,0.453208469446128,1.16967702057249,34,"flagellated sperm motility"
"GO:0001570",0.267589388696655,0.544773616031836,0.083129129135339,0.44591148863072,1.16359613359643,36,"vasculogenesis"
"GO:0070098",0.268065268065268,0.545199410871053,0.0835990603684159,0.448688653442995,1.16342859364311,35,"chemokine-mediated signaling pathway"
"GO:0051480",0.26890756302521,0.546368845749035,0.175204047558551,-0.410664278715618,-1.13003652657524,15,"regulation of cytosolic calcium ion concentration"
"GO:0010820",0.269819193324061,0.547676694294321,0.0931454575337804,0.567699425024935,1.18103408141628,11,"positive regulation of T cell chemotaxis"
"GO:0001676",0.27027027027027,0.547866039418322,0.0860347242455604,0.48551883991276,1.16507944128309,22,"long-chain fatty acid metabolic process"
"GO:1905606",0.270448548812665,0.547866039418322,0.0899860794997137,0.5349686484235,1.18171762759633,14,"regulation of presynapse assembly"
"GO:0035774",0.271531100478469,0.548970889592473,0.0843144320642653,0.468611992274013,1.1596166473414,26,"positive regulation of insulin secretion involved in cellular response to glucose stimulus"
"GO:0045907",0.271276595744681,0.548970889592473,0.0902635484340068,0.54070215947543,1.17816653119513,13,"positive regulation of vasoconstriction"
"GO:0051642",0.273148148148148,0.551694481042307,0.183023938384487,-0.393731299493276,-1.12949635330105,17,"centrosome localization"
"GO:0045580",0.274373259052925,0.553513111520678,0.0922597260527354,0.582076923937306,1.1896193580325,10,"regulation of T cell differentiation"
"GO:0060997",0.274590163934426,0.553513111520678,0.170932335370056,-0.410344366085632,-1.10433794591846,14,"dendritic spine morphogenesis"
"GO:0000902",0.277777777777778,0.554765417220745,0.287857117255149,-0.303352906727123,-1.09634094149516,52,"cell morphogenesis"
"GO:0002244",0.277904328018223,0.554765417220745,0.080419996876154,0.431440823320894,1.14590219755696,42,"hematopoietic progenitor cell differentiation"
"GO:0007507",0.276876267748479,0.554765417220745,0.0745500777420554,0.372355357432298,1.10899584387513,126,"heart development"
"GO:0016064",0.277566539923954,0.554765417220745,0.163180127180689,-0.442482070745545,-1.14982056715661,12,"immunoglobulin mediated immune response"
"GO:0030330",0.277124183006536,0.554765417220745,0.0880945010398517,0.515472971793025,1.17209630492386,16,"DNA damage response, signal transduction by p53 class mediator"
"GO:0043407",0.277777777777778,0.554765417220745,0.224966093540314,-0.322057686054132,-1.10029726801137,35,"negative regulation of MAP kinase activity"
"GO:0043410",0.275647668393782,0.554765417220745,0.0758886900606117,0.383244200362086,1.12267221939379,97,"positive regulation of MAPK cascade"
"GO:0045582",0.277925531914894,0.554765417220745,0.0888945288620449,0.537177839454708,1.17048719087649,13,"positive regulation of T cell differentiation"
"GO:0140374",0.277925531914894,0.554765417220745,0.0888945288620449,0.536112056584604,1.16816489627294,13,"antiviral innate immune response"
"GO:1990000",0.27735368956743,0.554765417220745,0.0865399737444125,0.511761460576316,1.17569961917718,17,"amyloid fibril formation"
"GO:0007565",0.278706800445931,0.555782146450227,0.0791316651768349,0.418914762981834,1.14849193943189,49,"female pregnancy"
"GO:0003341",0.279411764705882,0.556190476190476,0.186432558434075,-0.389012340017389,-1.13823479337615,19,"cilium movement"
"GO:0007588",0.279944289693593,0.556190476190476,0.0911073131586733,0.579474990700604,1.18430165856805,10,"excretion"
"GO:0034497",0.28,0.556190476190476,0.166933848713193,-0.429490806194812,-1.12690830300328,13,"protein localization to phagophore assembly site"
"GO:0035162",0.279738562091503,0.556190476190476,0.0875697115548511,0.515117121836636,1.17128716372381,16,"embryonic hemopoiesis"
"GO:0009048",0.280945757997218,0.557527310044965,0.0908241419007155,0.563379478612905,1.17204692427361,11,"dosage compensation by inactivation of X chromosome"
"GO:1904263",0.281637717121588,0.558358383895758,0.0843144320642653,0.498468702369091,1.17769938795501,20,"positive regulation of TORC1 signaling"
"GO:0050482",0.282685512367491,0.559350616920767,0.155241966228839,-0.44568562882629,-1.14142350205582,11,"arachidonic acid secretion"
"GO:2001244",0.282424242424242,0.559350616920767,0.0828962134571565,0.476026757746105,1.15675496991413,24,"positive regulation of intrinsic apoptotic signaling pathway"
"GO:0034122",0.283244680851064,0.559915017078892,0.0878312634480124,0.53336321386941,1.1621752873361,13,"negative regulation of toll-like receptor signaling pathway"
"GO:0007026",0.285012285012285,0.56053332109418,0.083129129135339,0.481167773828199,1.15463836829878,22,"negative regulation of microtubule depolymerization"
"GO:0031103",0.284167794316644,0.56053332109418,0.0886261133285098,0.545731130208049,1.16384524822859,12,"axon regeneration"
"GO:0050919",0.284493284493284,0.56053332109418,0.0828962134571565,0.479744216370648,1.16186998617923,23,"negative chemotaxis"
"GO:0060021",0.285202863961814,0.56053332109418,0.0815265143256594,0.452321040598574,1.14094898170926,30,"roof of mouth development"
"GO:0097191",0.285062713797035,0.56053332109418,0.0791316651768349,0.434603872644418,1.14890142806105,38,"extrinsic apoptotic signaling pathway"
"GO:1900017",0.284461152882206,0.56053332109418,0.0843144320642653,0.498548158947565,1.16599222506713,19,"positive regulation of cytokine production involved in inflammatory response"
"GO:0002755",0.286274509803922,0.561117035983726,0.0862865626267245,0.511499521129595,1.1630613659547,16,"MyD88-dependent toll-like receptor signaling pathway"
"GO:0016558",0.286509040333797,0.561117035983726,0.0897104652742981,0.559026945416598,1.16299197403281,11,"protein import into peroxisome matrix"
"GO:0042127",0.28659793814433,0.561117035983726,0.0736212741014394,0.376525148806228,1.10815168628869,101,"regulation of cell population proliferation"
"GO:0043966",0.286202964652224,0.561117035983726,0.0789209638180035,0.433986920153993,1.15055378290665,39,"histone H3 acetylation"
"GO:0016050",0.286874154262517,0.561120355323047,0.0880945010398517,0.54494931635707,1.16217792473338,12,"vesicle organization"
"GO:0045806",0.288973384030418,0.564686039156955,0.159646701919906,-0.432871764290672,-1.12484751457649,12,"negative regulation of endocytosis"
"GO:0050892",0.290681502086231,0.567481366059461,0.0888945288620449,0.55783729159388,1.16051703457051,11,"intestinal absorption"
"GO:0070848",0.29108635097493,0.567729486061792,0.0888945288620449,0.575980215343845,1.17715921356568,10,"response to growth factor"
"GO:0002357",0.292253521126761,0.568443740029793,0.152144922367565,-0.456474523703536,-1.12246835516115,10,"defense response to tumor cell"
"GO:0003351",0.292286874154263,0.568443740029793,0.0870515867946735,0.543004831548259,1.15803104858922,12,"epithelial cilium movement involved in extracellular fluid movement"
"GO:0036151",0.292286874154263,0.568443740029793,0.0870515867946735,0.54301298048298,1.15804842729171,12,"phosphatidylcholine acyl-chain remodeling"
"GO:0033344",0.29277566539924,0.568853098931602,0.158514105424824,-0.429858525238528,-1.11701740243188,12,"cholesterol efflux"
"GO:0048666",0.293844367015099,0.570387356295215,0.0785029047348687,0.444397215203414,1.14693622399664,34,"neuron development"
"GO:0045840",0.295774647887324,0.573589544859288,0.0833634065110386,0.50223618954216,1.15899211088298,18,"positive regulation of mitotic nuclear division"
"GO:0043922",0.296244784422809,0.573956719772723,0.0878312634480124,0.55554000790911,1.15573779716636,11,"negative regulation by host of viral transcription"
"GO:0001819",0.297117516629712,0.575102465900692,0.0755015292281669,0.414499038138139,1.13444926674569,48,"positive regulation of cytokine production"
"GO:0002224",0.298039215686275,0.576340734969484,0.0840745577910723,0.504899319310253,1.14805364957086,16,"toll-like receptor signaling pathway"
"GO:0007267",0.298353909465021,0.576403961197072,0.0714786287425507,0.374140071308679,1.10270976960347,105,"cell-cell signaling"
"GO:0006622",0.298642533936652,0.576416751054311,0.172324344900946,-0.383114204050419,-1.12904481397935,18,"protein targeting to lysosome"
"GO:0010595",0.3,0.578490566037736,0.0751181635276301,0.417603299377535,1.13563746105628,47,"positive regulation of endothelial cell migration"
"GO:0006656",0.300653594771242,0.579204474752515,0.0835990603684159,0.503411864521914,1.14467143487377,16,"phosphatidylcholine biosynthetic process"
"GO:0043405",0.302816901408451,0.582822736797432,0.149207542435322,-0.447635005410036,-1.10073202806272,10,"regulation of MAP kinase activity"
"GO:0050901",0.30316742081448,0.582948455451361,0.170932335370056,-0.379925502971663,-1.11964765151908,18,"leukocyte tethering or rolling"
"GO:0010457",0.304182509505703,0.58435061036622,0.155241966228839,-0.427485703776979,-1.11085146012809,12,"centriole-centriole cohesion"
"GO:0060291",0.305084745762712,0.585533540224397,0.191892240384838,-0.374371925668449,-1.13316943194084,24,"long-term synaptic potentiation"
"GO:1900026",0.305458768873403,0.585701429246938,0.0764767053228531,0.439063916215664,1.13317161523406,34,"positive regulation of substrate adhesion-dependent cell spreading"
"GO:0033173",0.307799442896936,0.586721342031687,0.0857844408075645,0.571780884885594,1.16857683450464,10,"calcineurin-NFAT signaling cascade"
"GO:0034116",0.307371349095967,0.586721342031687,0.0857844408075645,0.552966151689627,1.15038318206218,11,"positive regulation of heterotypic cell-cell adhesion"
"GO:0044849",0.307171853856563,0.586721342031687,0.0843144320642653,0.535880319666242,1.1428370659834,12,"estrous cycle"
"GO:0045779",0.307799442896936,0.586721342031687,0.0857844408075645,0.569588011161499,1.16409515016942,10,"negative regulation of bone resorption"
"GO:0045824",0.308,0.586721342031687,0.158514105424824,-0.424089709759642,-1.11273677632488,13,"negative regulation of innate immune response"
"GO:0046718",0.3068669527897,0.586721342031687,0.0721797965581253,0.390440751621053,1.11278282804613,72,"viral entry into host cell"
"GO:0050918",0.306471306471306,0.586721342031687,0.0789209638180035,0.470989264521894,1.14066677947782,23,"positive chemotaxis"
"GO:0051571",0.308900523560209,0.587366328761678,0.0822054920415869,0.516532063265134,1.15606089358801,15,"positive regulation of histone H3-K4 methylation"
"GO:0060612",0.308913308913309,0.587366328761678,0.0785029047348687,0.47007867361918,1.13846146213694,23,"adipose tissue development"
"GO:0019882",0.310173697270471,0.588612405406299,0.0791316651768349,0.486269914205491,1.14887810933554,20,"antigen processing and presentation"
"GO:0032024",0.309976247030879,0.588612405406299,0.0768736734126542,0.446915581867382,1.11812160122163,28,"positive regulation of insulin secretion"
"GO:0046579",0.310432569974555,0.588612405406299,0.080419996876154,0.502784849280764,1.15507712355237,17,"positive regulation of Ras protein signal transduction"
"GO:0046339",0.31095406360424,0.58905477850516,0.147331213699377,-0.431309295568089,-1.10460498336696,11,"diacylglycerol metabolic process"
"GO:0035094",0.311345646437995,0.589250464184501,0.0822054920415869,0.516567292244362,1.14106999893127,14,"response to nicotine"
"GO:0003376",0.312,0.589796860572484,0.157402899305283,-0.422013370011112,-1.10728882617386,13,"sphingosine-1-phosphate receptor signaling pathway"
"GO:0043409",0.3125,0.589796860572484,0.0760837160951725,0.438894798132794,1.12254599662949,32,"negative regulation of MAPK cascade"
"GO:0071356",0.312368972746331,0.589796860572484,0.070113215764256,0.379732101103692,1.10313355205422,86,"cellular response to tumor necrosis factor"
"GO:0033962",0.315303430079156,0.591497764616046,0.0815265143256594,0.51531367787447,1.13830083067538,14,"P-body assembly"
"GO:0035269",0.315521628498728,0.591497764616046,0.0795564677235957,0.499036162295561,1.14646504507356,17,"protein O-linked mannosylation"
"GO:0036158",0.315290933694181,0.591497764616046,0.0828962134571565,0.533378026731737,1.13750058876908,12,"outer dynein arm assembly"
"GO:0042149",0.313769751693002,0.591497764616046,0.0736212741014394,0.41738712088224,1.11493572707681,43,"cellular response to glucose starvation"
"GO:0043406",0.315384615384615,0.591497764616046,0.072003313661988,0.407528687258513,1.12369297984288,51,"positive regulation of MAP kinase activity"
"GO:0046328",0.315589353612167,0.591497764616046,0.152144922367565,-0.420842962831797,-1.09358983380232,12,"regulation of JNK cascade"
"GO:0070933",0.315716272600835,0.591497764616046,0.0843144320642653,0.551498298987772,1.14732948147526,11,"histone H4 deacetylation"
"GO:2000774",0.315290933694181,0.591497764616046,0.0828962134571565,0.53403865778083,1.13890947359306,12,"positive regulation of cellular senescence"
"GO:0010761",0.317107093184979,0.591931946197052,0.0840745577910723,0.550167668718564,1.14456125655126,11,"fibroblast migration"
"GO:0016236",0.317685589519651,0.591931946197052,0.0713052987340038,0.395980557220077,1.10597599014595,60,"macroautophagy"
"GO:0043200",0.317617866004963,0.591931946197052,0.0778840111977068,0.483583498616894,1.14253109099828,20,"response to amino acid"
"GO:0045214",0.31638418079096,0.591931946197052,0.188204146308491,-0.361001586727823,-1.09269935834984,24,"sarcomere organization"
"GO:0048010",0.317617866004963,0.591931946197052,0.0778840111977068,0.483395664764013,1.14208730824417,20,"vascular endothelial growth factor receptor signaling pathway"
"GO:0050921",0.316901408450704,0.591931946197052,0.14551614609036,-0.444074728048903,-1.09197732551975,10,"positive regulation of chemotaxis"
"GO:0045780",0.318062827225131,0.592095099133122,0.0806388495950661,0.511595485734798,1.14501223923167,15,"positive regulation of bone resorption"
"GO:0006909",0.320754716981132,0.593874732079066,0.245041785430996,-0.293948263335033,-1.06451507113398,46,"phagocytosis"
"GO:0007219",0.320960698689956,0.593874732079066,0.0707899094502623,0.393155839399267,1.10127392593582,61,"Notch signaling pathway"
"GO:0016311",0.320815450643777,0.593874732079066,0.0699458736501659,0.388878098784892,1.10587772675819,69,"dephosphorylation"
"GO:0032755",0.320855614973262,0.593874732079066,0.0697792517076235,0.388687670874551,1.10760160117246,70,"positive regulation of interleukin-6 production"
"GO:0046627",0.320191158900836,0.593874732079066,0.0755015292281669,0.445603853525173,1.11869901228972,29,"negative regulation of insulin receptor signaling pathway"
"GO:0051260",0.321052631578947,0.593874732079066,0.0689567351672811,0.37902096377707,1.09882246193097,84,"protein homooligomerization"
"GO:0080111",0.320680628272251,0.593874732079066,0.0802023444698144,0.509373565093005,1.14003931355035,15,"DNA demethylation"
"GO:0000083",0.321808510638298,0.593995123518627,0.0808589150280032,0.519868104192995,1.13277002923433,13,"regulation of transcription involved in G1/S transition of mitotic cell cycle"
"GO:0046855",0.321989528795811,0.593995123518627,0.0799858801499946,0.508544901437944,1.13818466460659,15,"inositol phosphate dephosphorylation"
"GO:0051457",0.321808510638298,0.593995123518627,0.0808589150280032,0.520009827156672,1.13307883741935,13,"maintenance of protein location in nucleus"
"GO:0017157",0.322619047619048,0.594619777577397,0.0749278818393739,0.448488516915501,1.11526300541001,27,"regulation of exocytosis"
"GO:0042908",0.323155216284987,0.595071407285148,0.0782955249944794,0.496115788476517,1.13975589901352,17,"xenobiotic transport"
"GO:0090399",0.324468085106383,0.59695118448015,0.080419996876154,0.51868970626759,1.1302023513144,13,"replicative senescence"
"GO:0003009",0.325916230366492,0.598167840537679,0.0793434960134973,0.507580742195123,1.13602676023804,15,"skeletal muscle contraction"
"GO:0006629",0.325702393340271,0.598167840537679,0.0676760401641789,0.372732708177737,1.0889411968388,94,"lipid metabolic process"
"GO:0070371",0.326007326007326,0.598167840537679,0.0756946307932749,0.465101867287907,1.12640836862165,23,"ERK1 and ERK2 cascade"
"GO:0007188",0.327160493827161,0.599745335769252,0.193813302725311,-0.362932743989091,-1.1354049988349,27,"adenylate cyclase-modulating G protein-coupled receptor signaling pathway"
"GO:0043984",0.328,0.600745519713262,0.153158808683073,-0.415196248765439,-1.08940189955395,13,"histone H4-K16 acetylation"
"GO:0051497",0.32843137254902,0.600997068478242,0.170932335370056,-0.372291183938133,-1.08930934891844,19,"negative regulation of stress fiber assembly"
"GO:0047496",0.329842931937173,0.602501298373174,0.0787113806986485,0.50584490583182,1.13214174964528,15,"vesicle transport along microtubule"
"GO:1902017",0.329815303430079,0.602501298373174,0.0791316651768349,0.509378030408302,1.12518929738715,14,"regulation of cilium assembly"
"GO:2000036",0.330175913396482,0.602571041948579,0.080419996876154,0.529969369009902,1.13023116638726,12,"regulation of stem cell population maintenance"
"GO:0045577",0.33240611961057,0.605559811483071,0.0815265143256594,0.546063346932276,1.13602268191646,11,"regulation of B cell differentiation"
"GO:0060324",0.33240611961057,0.605559811483071,0.0815265143256594,0.54585614682745,1.13559162566612,11,"face development"
"GO:0030097",0.333333333333333,0.60562962962963,0.234392647294686,-0.288431608776152,-1.05085606145666,45,"hemopoiesis"
"GO:0030217",0.333333333333333,0.60562962962963,0.206587922696891,-0.316766012157071,-1.073121553159,34,"T cell differentiation"
"GO:0030509",0.333333333333333,0.60562962962963,0.234392647294686,-0.292791124105033,-1.04000235038862,44,"BMP signaling pathway"
"GO:0009566",0.333732057416268,0.605815564261858,0.0734381410838857,0.451458748115866,1.11716961694174,26,"fertilization"
"GO:0006790",0.334507042253521,0.606683579739305,0.141225119642531,-0.436827567755479,-1.07415659802734,10,"sulfur compound metabolic process"
"GO:0090200",0.334928229665072,0.606908955173233,0.0732558655828455,0.451332466271191,1.11685712274237,26,"positive regulation of release of cytochrome c from mitochondria"
"GO:0006750",0.335588633288227,0.607029350832864,0.0795564677235957,0.527139253101148,1.12419556246068,12,"glutathione biosynthetic process"
"GO:0007616",0.335388409371147,0.607029350832864,0.0747385227439092,0.471425902984513,1.12387413815754,21,"long-term memory"
"GO:0045869",0.336065573770492,0.607354582481773,0.153158808683073,-0.39338882019046,-1.05870638795553,14,"negative regulation of single stranded viral RNA replication via double stranded DNA intermediate"
"GO:0043488",0.336917562724014,0.607891551682401,0.0728938564822936,0.441218978079131,1.10769067878521,29,"regulation of mRNA stability"
"GO:0051017",0.336969696969697,0.607891551682401,0.0736212741014394,0.454841199854816,1.1135560010192,25,"actin filament bundle assembly"
"GO:0051966",0.337254901960784,0.607891551682401,0.0774767547848578,0.49122679750902,1.11696470182939,16,"regulation of synaptic transmission, glutamatergic"
"GO:0036092",0.337962962962963,0.608489116517286,0.163180127180689,-0.373327869112816,-1.07096506498534,17,"phosphatidylinositol-3-phosphate biosynthetic process"
"GO:0045880",0.338181818181818,0.608489116517286,0.0734381410838857,0.454334407231349,1.11231525596947,25,"positive regulation of smoothened signaling pathway"
"GO:0009749",0.338907469342252,0.609258458518525,0.069119845655101,0.403417690805956,1.10600534298897,49,"response to glucose"
"GO:0002092",0.339869281045752,0.609842057172693,0.0770736734944102,0.490735611909151,1.11584783080386,16,"positive regulation of receptor internalization"
"GO:0006796",0.340425531914894,0.609842057172693,0.0778840111977068,0.514135473611477,1.12027887607636,13,"phosphate-containing compound metabolic process"
"GO:0030889",0.340336134453782,0.609842057172693,0.154190966581424,-0.388905141697576,-1.07016129298043,15,"negative regulation of B cell proliferation"
"GO:0033673",0.33983286908078,0.609842057172693,0.080419996876154,0.55392626600827,1.13208646807148,10,"negative regulation of kinase activity"
"GO:0043046",0.341001353179973,0.610338674168008,0.0787113806986485,0.525698956957914,1.1211239366553,12,"DNA methylation involved in gamete generation"
"GO:0051924",0.342592592592593,0.612407027601374,0.161978948883402,-0.370753711668818,-1.06358058361553,17,"regulation of calcium ion transport"
"GO:0071425",0.342756183745583,0.612407027601374,0.139599673451922,-0.420804615187888,-1.07770196408154,11,"hematopoietic stem cell proliferation"
"GO:0007368",0.343565525383707,0.613041651589589,0.0713052987340038,0.428611953772778,1.09951139166164,33,"determination of left/right symmetry"
"GO:0030948",0.344011142061281,0.613041651589589,0.0797705918628453,0.550907305494888,1.12591646936485,10,"negative regulation of vascular endothelial growth factor receptor signaling pathway"
"GO:2000463",0.343891402714932,0.613041651589589,0.159646701919906,-0.368563874547117,-1.08616471740837,18,"positive regulation of excitatory postsynaptic potential"
"GO:0001578",0.345543345543346,0.614883654709498,0.0727141077934447,0.458502608708137,1.11042593420509,23,"microtubule bundle formation"
"GO:0045662",0.345646437994723,0.614883654709498,0.0766746872490091,0.503782308189096,1.11282864110373,14,"negative regulation of myoblast differentiation"
"GO:0031295",0.348432055749129,0.61715348522636,0.0697792517076235,0.422326302912204,1.08997383103508,34,"T cell costimulation"
"GO:0045930",0.347394540942928,0.61715348522636,0.0732558655828455,0.475354813124649,1.12308971419402,20,"negative regulation of mitotic cell cycle"
"GO:0050766",0.348327566320646,0.61715348522636,0.0694481442003175,0.421987434376912,1.10116684496077,36,"positive regulation of phagocytosis"
"GO:0055007",0.348284960422164,0.61715348522636,0.0762797180809272,0.502713667833976,1.11046807072465,14,"cardiac muscle cell differentiation"
"GO:0055013",0.348284960422164,0.61715348522636,0.0762797180809272,0.502676839050997,1.11038671787868,14,"cardiac muscle cell development"
"GO:0030512",0.349450549450549,0.617605104313792,0.0668966276500666,0.395654490789415,1.09095184619813,51,"negative regulation of transforming growth factor beta receptor signaling pathway"
"GO:0043149",0.349476439790576,0.617605104313792,0.0756946307932749,0.497998897914184,1.11458144009349,15,"stress fiber assembly"
"GO:0071320",0.349593495934959,0.617605104313792,0.0696133438850965,0.421449099906133,1.08770987467117,34,"cellular response to cAMP"
"GO:0007160",0.352112676056338,0.617783956960648,0.287857117255149,-0.271632219340649,-1.04817708857013,66,"cell-matrix adhesion"
"GO:0007187",0.352040816326531,0.617783956960648,0.16823816568964,-0.364170370666525,-1.0761568598649,20,"G protein-coupled receptor signaling pathway, coupled to cyclic nucleotide second messenger"
"GO:0010875",0.351851851851852,0.617783956960648,0.159646701919906,-0.368690928158043,-1.05766307983549,17,"positive regulation of cholesterol efflux"
"GO:0010951",0.351528384279476,0.617783956960648,0.0662842187012672,0.387243686620889,1.08471331803304,61,"negative regulation of endopeptidase activity"
"GO:0030041",0.350059737156511,0.617783956960648,0.0709609456938284,0.436557957881736,1.09598907735192,29,"actin filament polymerization"
"GO:0042060",0.351351351351351,0.617783956960648,0.282013350011725,-0.26776673922286,-1.03190237751918,65,"wound healing"
"GO:0043666",0.350974930362117,0.617783956960648,0.0787113806986485,0.547803502967775,1.11957307484443,10,"regulation of phosphoprotein phosphatase activity"
"GO:0120009",0.351787773933103,0.617783956960648,0.0689567351672811,0.419997588429169,1.09597438612021,36,"intermembrane lipid transfer"
"GO:0034389",0.352941176470588,0.618455497382199,0.0751181635276301,0.483385894826891,1.09913584645988,16,"lipid droplet organization"
"GO:0035457",0.353356890459364,0.618455497382199,0.137250779610133,-0.418450886255597,-1.07167394489712,11,"cellular response to interferon-alpha"
"GO:0051560",0.353403141361257,0.618455497382199,0.0751181635276301,0.496399360059963,1.11100148196003,15,"mitochondrial calcium ion homeostasis"
"GO:0048477",0.356079404466501,0.622072424005669,0.072003313661988,0.47263375013365,1.11666083670611,20,"oogenesis"
"GO:1901223",0.356382978723404,0.622072424005669,0.170932335370056,-0.351923686939224,-1.05653870765882,22,"negative regulation of NIK/NF-kappaB signaling"
"GO:2000300",0.355871886120996,0.622072424005669,0.0697792517076235,0.430681855314074,1.0910066668879,31,"regulation of synaptic vesicle exocytosis"
"GO:0030010",0.357482185273159,0.623458691722131,0.0696133438850965,0.436500205520654,1.09206375551066,28,"establishment of cell polarity"
"GO:0001974",0.358560794044665,0.624131164024033,0.0716527366829457,0.471384666740399,1.11370970910122,20,"blood vessel remodeling"
"GO:0006694",0.358778625954198,0.624131164024033,0.0728938564822936,0.484671147132701,1.11346345320411,17,"steroid biosynthetic process"
"GO:0090630",0.358783814935538,0.624131164024033,0.203508959461977,-0.251888227875467,-1.06676191121678,91,"activation of GTPase activity"
"GO:1903146",0.359477124183007,0.624805477746654,0.0741758965588009,0.48178787024808,1.09550221519986,16,"regulation of autophagy of mitochondrion"
"GO:0042832",0.360050890585242,0.625271045332399,0.0727141077934447,0.483275178207497,1.11025641191598,17,"defense response to protozoan"
"GO:0006520",0.361256544502618,0.626832238508787,0.0739901439101341,0.493567935043253,1.10466441216759,15,"cellular amino acid metabolic process"
"GO:0000422",0.362962962962963,0.629258945119844,0.20207170902116,-0.309989016993479,-1.04947225882043,36,"autophagy of mitochondrion"
"GO:0050765",0.364116094986807,0.630723134027995,0.0739901439101341,0.494833685680855,1.09306160430287,14,"negative regulation of phagocytosis"
"GO:0008210",0.366013071895425,0.63121029464575,0.0732558655828455,0.479871774558918,1.09114534529582,16,"estrogen metabolic process"
"GO:0021772",0.365785813630042,0.63121029464575,0.0764767053228531,0.534705753863478,1.11239450139378,11,"olfactory bulb development"
"GO:0032735",0.365967365967366,0.63121029464575,0.0675188953767744,0.417002207910367,1.08126712938344,35,"positive regulation of interleukin-12 production"
"GO:0043122",0.366786140979689,0.63121029464575,0.0686325631836726,0.433044505474358,1.08716847199412,29,"regulation of I-kappaB kinase/NF-kappaB signaling"
"GO:0045598",0.367176634214186,0.63121029464575,0.0762797180809272,0.533980818138696,1.11088635507539,11,"regulation of fat cell differentiation"
"GO:0048854",0.365740740740741,0.63121029464575,0.156312403073186,-0.36520566896912,-1.04766492233757,17,"brain morphogenesis"
"GO:0055010",0.367176634214186,0.63121029464575,0.0762797180809272,0.533733751953669,1.11037236197972,11,"ventricular cardiac muscle tissue morphogenesis"
"GO:0060716",0.367021276595745,0.63121029464575,0.0739901439101341,0.506131988209688,1.102839628853,13,"labyrinthine layer blood vessel development"
"GO:0070498",0.366197183098592,0.63121029464575,0.0721797965581253,0.475824141961373,1.09804199335699,18,"interleukin-1-mediated signaling pathway"
"GO:0051928",0.36977886977887,0.635149588090764,0.0696133438850965,0.456914514836058,1.09643882769818,22,"positive regulation of calcium ion transport"
"GO:0006814",0.370412844036697,0.635181313468498,0.066132620475844,0.412571717815403,1.08262119755746,37,"sodium ion transport"
"GO:0034314",0.370418848167539,0.635181313468498,0.0727141077934447,0.490475986070944,1.0977442584229,15,"Arp2/3 complex-mediated actin nucleation"
"GO:0048545",0.371024734982332,0.635686972593367,0.133554954557592,-0.410660305176162,-1.05172187158895,11,"response to steroid hormone"
"GO:0001947",0.372706422018349,0.63724681698413,0.0658311958368866,0.411752874245136,1.08047248651312,37,"heart looping"
"GO:0033280",0.373239436619718,0.63724681698413,0.132846300606183,-0.417860267551345,-1.02751611064757,10,"response to vitamin D"
"GO:0048147",0.373493975903614,0.63724681698413,0.178219874951973,-0.346708121603347,-1.0657567280195,26,"negative regulation of fibroblast proliferation"
"GO:0048870",0.3729216152019,0.63724681698413,0.0675188953767744,0.433570566284538,1.08473419922175,28,"cell motility"
"GO:0090181",0.373239436619718,0.63724681698413,0.132846300606183,-0.417127932139419,-1.02571530187826,10,"regulation of cholesterol metabolic process"
"GO:0008593",0.373949579831933,0.637492027670117,0.14641623786055,-0.379221831998081,-1.04351545542963,15,"regulation of Notch signaling pathway"
"GO:0001508",0.374651810584958,0.63794114548234,0.0753093764172773,0.538841438732913,1.10125686153433,10,"action potential"
"GO:0022904",0.375,0.63794114548234,0.0728938564822936,0.503068606556951,1.0961646532268,13,"respiratory electron transport chain"
"GO:0071108",0.375149342891278,0.63794114548234,0.0675188953767744,0.430637428042113,1.08112544717588,29,"protein K48-linked deubiquitination"
"GO:0003016",0.378303198887344,0.639234665627628,0.0747385227439092,0.530293296562416,1.10321488586904,11,"respiratory system process"
"GO:0010666",0.378091872791519,0.639234665627628,0.132147260608774,-0.40688364285546,-1.04204964782098,11,"positive regulation of cardiac muscle cell apoptotic process"
"GO:0010719",0.378411910669975,0.639234665627628,0.0689567351672811,0.463368938428888,1.09477147229395,20,"negative regulation of epithelial to mesenchymal transition"
"GO:0016485",0.376940133037694,0.639234665627628,0.0636424081651019,0.391996825086111,1.07286258801251,48,"protein processing"
"GO:0031333",0.376623376623377,0.639234665627628,0.184706471207739,-0.31355176517097,-1.04781406322234,32,"negative regulation of protein-containing complex assembly"
"GO:0050770",0.378151260504202,0.639234665627628,0.14551614609036,-0.376703039033577,-1.03658442149195,15,"regulation of axonogenesis"
"GO:0050896",0.378048780487805,0.639234665627628,0.178219874951973,-0.327581870838216,-1.07733395422994,30,"response to stimulus"
"GO:0051453",0.378378378378378,0.639234665627628,0.0684714904492087,0.453112686611625,1.08731573804759,22,"regulation of intracellular pH"
"GO:0009968",0.378859857482185,0.639462880836983,0.0667426134241917,0.432422773989553,1.08186258003726,28,"negative regulation of signal transduction"
"GO:0010759",0.38,0.639749608763693,0.141225119642531,-0.401467553593379,-1.05338021909969,13,"positive regulation of macrophage chemotaxis"
"GO:0035278",0.380281690140845,0.639749608763693,0.131457611642763,-0.414277432673573,-1.01870593929465,10,"miRNA mediated inhibition of translation"
"GO:0043473",0.379746835443038,0.639749608763693,0.14551614609036,-0.35771253552126,-1.01541616190157,16,"pigmentation"
"GO:0060976",0.379746835443038,0.639749608763693,0.14551614609036,-0.357608540407581,-1.01512095748824,16,"coronary vasculature development"
"GO:0051013",0.381615598885794,0.641465694179739,0.0743625384422526,0.536738883949702,1.09695976647942,10,"microtubule severing"
"GO:0001516",0.384303112313938,0.645452392415521,0.0725351864394589,0.515402894614223,1.09916619488308,12,"prostaglandin biosynthetic process"
"GO:0007252",0.385257301808067,0.646302282280754,0.0738052724171275,0.528167653239234,1.09879272671413,11,"I-kappaB phosphorylation"
"GO:0050776",0.385441527446301,0.646302282280754,0.066132620475844,0.425155748906559,1.07242638578309,30,"regulation of immune response"
"GO:0006515",0.386968085106383,0.64672691993464,0.0713052987340038,0.49878156300359,1.08682337144379,13,"protein quality control for misfolded or incompletely synthesized proteins"
"GO:0008286",0.386083052749719,0.64672691993464,0.0630790410571939,0.39525083112445,1.06264093077963,45,"insulin receptor signaling pathway"
"GO:0032731",0.386666666666667,0.64672691993464,0.0625237414724762,0.392350187013869,1.06696372104707,47,"positive regulation of interleukin-1 beta production"
"GO:0042102",0.387276785714286,0.64672691993464,0.0626618230932491,0.394790006938978,1.06744905775841,46,"positive regulation of T cell proliferation"
"GO:0048714",0.387009472259811,0.64672691993464,0.0721797965581253,0.513033006628271,1.09411208908151,12,"positive regulation of oligodendrocyte differentiation"
"GO:0006402",0.388095238095238,0.647482268485918,0.0656813601934011,0.430900109865034,1.07152565435722,27,"mRNA catabolic process"
"GO:0055093",0.388362652232747,0.647482268485918,0.072003313661988,0.512788383908925,1.09359039813562,12,"response to hyperoxia"
"GO:0009083",0.389429763560501,0.648732222263784,0.0732558655828455,0.527111941836503,1.09659643922148,11,"branched-chain amino acid catabolic process"
"GO:0021915",0.390524967989757,0.648969946805742,0.0689567351672811,0.469807663467315,1.0841579856827,18,"neural tube development"
"GO:0071805",0.390297684674752,0.648969946805742,0.0617054053637522,0.384491226071071,1.06113948806689,54,"potassium ion transmembrane transport"
"GO:0072657",0.390524967989757,0.648969946805742,0.0689567351672811,0.46977467321285,1.08408185527741,18,"protein localization to membrane"
"GO:0060044",0.390845070422535,0.64897426802897,0.129442887745046,-0.410941008082036,-1.01050168948681,10,"negative regulation of cardiac muscle cell proliferation"
"GO:0007517",0.391891891891892,0.649569390154765,0.266350657088526,-0.26615190805235,-1.02567924417193,65,"muscle organ development"
"GO:0010507",0.392156862745098,0.649569390154765,0.0636424081651019,0.405404047991521,1.05789286621842,36,"negative regulation of autophagy"
"GO:0030177",0.391566265060241,0.649569390154765,0.173747838999571,-0.340961606397506,-1.04809233869118,26,"positive regulation of Wnt signaling pathway"
"GO:0006672",0.393085787451985,0.649856985896315,0.0686325631836726,0.463799769429302,1.07029378804409,18,"ceramide metabolic process"
"GO:0010917",0.393602225312935,0.649856985896315,0.0727141077934447,0.525581799243228,1.09341315160056,11,"negative regulation of mitochondrial membrane potential"
"GO:0015718",0.393602225312935,0.649856985896315,0.0727141077934447,0.525879925143325,1.09403336862571,11,"monocarboxylic acid transport"
"GO:0042771",0.392727272727273,0.649856985896315,0.065981614400873,0.442258896524893,1.08275162493333,25,"intrinsic apoptotic signaling pathway in response to DNA damage by p53 class mediator"
"GO:0030282",0.394736842105263,0.650679117147708,0.0650877566917313,0.435476020450745,1.07761912020678,26,"bone mineralization"
"GO:0030833",0.394574599260173,0.650679117147708,0.0665892104103933,0.45237503263732,1.07845707397618,21,"regulation of actin filament polymerization"
"GO:0038084",0.395543175487465,0.651482877273472,0.0725351864394589,0.529377651407551,1.08191525196425,10,"vascular endothelial growth factor signaling pathway"
"GO:0045664",0.397058823529412,0.652926979319483,0.154190966581424,-0.345927387722532,-1.01216991900541,19,"regulation of neuron differentiation"
"GO:0050873",0.397058823529412,0.652926979319483,0.154190966581424,-0.347210978650987,-1.01592565553337,19,"brown fat cell differentiation"
"GO:0007276",0.398416886543536,0.653582757700631,0.0694481442003175,0.48731803039817,1.07645991678967,14,"gamete generation"
"GO:0032094",0.398416886543536,0.653582757700631,0.0694481442003175,0.487507734537057,1.07687896326204,14,"response to food"
"GO:0071233",0.397887323943662,0.653582757700631,0.128142916898415,-0.407584597608755,-1.00224829450515,10,"cellular response to leucine"
"GO:0071773",0.399239543726236,0.654407078890478,0.133554954557592,-0.396177222647678,-1.02949418509037,12,"cellular response to BMP stimulus"
"GO:0001937",0.399749373433584,0.654695755590649,0.0667426134241917,0.461706378959296,1.07982757225879,19,"negative regulation of endothelial cell proliferation"
"GO:0007265",0.400219298245614,0.654695755590649,0.0602484086158019,0.378207135606409,1.05541255490427,59,"Ras protein signal transduction"
"GO:0030278",0.400541271989175,0.654695755590649,0.0704500850658419,0.509403564126986,1.08637181337609,12,"regulation of ossification"
"GO:0045785",0.400696864111498,0.654695755590649,0.0629394692018967,0.40777492429337,1.05241845787778,34,"positive regulation of cell adhesion"
"GO:0090161",0.404,0.659565495207668,0.136490437780413,-0.393120326495682,-1.03147856395883,13,"Golgi ribbon formation"
"GO:0002052",0.405585106382979,0.660693076749605,0.0689567351672811,0.494109121326633,1.07664232388131,13,"positive regulation of neuroblast proliferation"
"GO:0031110",0.405292479108635,0.660693076749605,0.0713052987340038,0.527278556938135,1.07762522892354,10,"regulation of microtubule polymerization or depolymerization"
"GO:0034446",0.405660377358491,0.660693076749605,0.216542836735348,-0.280636737581082,-1.01630822131593,46,"substrate adhesion-dependent cell spreading"
"GO:0007585",0.407268170426065,0.66195607372078,0.0658311958368866,0.45878900033534,1.07300447857755,19,"respiratory gaseous exchange by respiratory system"
"GO:0030073",0.407307171853857,0.66195607372078,0.0696133438850965,0.507689469040275,1.08271627439131,12,"insulin secretion"
"GO:0030514",0.407407407407407,0.66195607372078,0.172324344900946,-0.334833982678958,-1.04750035374299,27,"negative regulation of BMP signaling pathway"
"GO:0050860",0.40818858560794,0.662698545657371,0.0652353056017703,0.454773427217218,1.07446342036404,20,"negative regulation of T cell receptor signaling pathway"
"GO:0042073",0.409035409035409,0.663546330212997,0.0643583367917361,0.439979813641788,1.06556644676707,23,"intraciliary transport"
"GO:0018026",0.41029207232267,0.664271704987089,0.070619624712259,0.517470790333102,1.07653912014085,11,"peptidyl-lysine monomethylation"
"GO:0031532",0.41,0.664271704987089,0.222056046145248,-0.276614024107617,-1.01415216004942,48,"actin cytoskeleton reorganization"
"GO:1990138",0.410457516339869,0.664271704987089,0.0675188953767744,0.468929496671819,1.06626449958571,16,"neuron projection extension"
"GO:0006325",0.411946446961895,0.665142513850878,0.0559428593065705,0.352399620956333,1.03860587510517,103,"chromatin organization"
"GO:0045059",0.411971830985915,0.665142513850878,0.12563992130984,-0.403425356248598,-0.992020742767156,10,"positive thymic T cell selection"
"GO:0090162",0.411971830985915,0.665142513850878,0.12563992130984,-0.403363203464038,-0.991867909410132,10,"establishment of epithelial cell polarity"
"GO:0001954",0.413612565445026,0.665223137090747,0.156312403073186,-0.342057940616053,-1.0300380676534,21,"positive regulation of cell-matrix adhesion"
"GO:0016572",0.412719891745602,0.665223137090747,0.0689567351672811,0.50544466160398,1.07792891973386,12,"histone phosphorylation"
"GO:0032956",0.413641364136414,0.665223137090747,0.0588438169595807,0.377813910360916,1.05007853635092,58,"regulation of actin cytoskeleton organization"
"GO:0071985",0.413649025069638,0.665223137090747,0.0702812841717392,0.524824597104373,1.07260995001103,10,"multivesicular body sorting pathway"
"GO:1902004",0.413486005089059,0.665223137090747,0.0658311958368866,0.464088183092657,1.06617700268444,17,"positive regulation of amyloid-beta formation"
"GO:0035082",0.414448669201521,0.665985125666595,0.130777137971974,-0.390122701819231,-1.01376108982372,12,"axoneme assembly"
"GO:0006970",0.4155672823219,0.666316352843867,0.0673623868166279,0.484862298832014,1.07103533482786,14,"response to osmotic stress"
"GO:0048469",0.415632754342432,0.666316352843867,0.0643583367917361,0.453118721135943,1.07055395457431,20,"cell maturation"
"GO:0060412",0.415300546448087,0.666316352843867,0.159646701919906,-0.338837232329126,-1.02895999889593,23,"ventricular septum morphogenesis"
"GO:0033627",0.415966386554622,0.66632860040568,0.138022242496643,-0.36799937873251,-1.01263431293645,15,"cell adhesion mediated by integrin"
"GO:0046326",0.416965352449223,0.667405779488029,0.0623861492893626,0.417312147123949,1.04767201430338,29,"positive regulation of glucose import"
"GO:0045216",0.417721518987342,0.668092945860819,0.138022242496643,-0.349356877403929,-0.991697478732419,16,"cell-cell junction organization"
"GO:0007602",0.419014084507042,0.668122724908996,0.124434168630393,-0.40093932008802,-0.985907593456226,10,"phototransduction"
"GO:0043588",0.418181818181818,0.668122724908996,0.0629394692018967,0.438550298653469,1.06568639109002,24,"skin development"
"GO:0045668",0.419047619047619,0.668122724908996,0.0619762736001998,0.421804568064365,1.04890763649979,27,"negative regulation of osteoblast differentiation"
"GO:0060391",0.418882978723404,0.668122724908996,0.0673623868166279,0.49065179295404,1.06910895545554,13,"positive regulation of SMAD protein signal transduction"
"GO:0048589",0.419607843137255,0.668494490547583,0.066436413766281,0.466264637319018,1.06020507072817,16,"developmental growth"
"GO:0045648",0.420238095238095,0.668977154724818,0.0618406035753285,0.41970777337164,1.04369350623215,27,"positive regulation of erythrocyte differentiation"
"GO:0007009",0.421296296296296,0.6698883668667,0.144630528034484,-0.346737679259891,-0.99468582960041,17,"plasma membrane organization"
"GO:0090102",0.421465968586387,0.6698883668667,0.0662842187012672,0.470638156191215,1.05334480876892,15,"cochlea development"
"GO:0051895",0.422163588390501,0.670475815594549,0.0665892104103933,0.480896683747499,1.06227549953014,14,"negative regulation of focal adhesion assembly"
"GO:0035195",0.422619047619048,0.670678053830228,0.0615706755421678,0.41915761609822,1.04232542203142,27,"gene silencing by miRNA"
"GO:0033993",0.423398328690808,0.671127430980552,0.069119845655101,0.521770385405442,1.06636790671545,10,"response to lipid"
"GO:0043162",0.423558897243108,0.671127430980552,0.0639271933359996,0.452589009846489,1.05850409265545,19,"ubiquitin-dependent protein catabolic process via the multivesicular body sorting pathway"
"GO:0035196",0.424202127659574,0.671625986782471,0.0667426134241917,0.488628996825176,1.06470137050938,13,"production of miRNAs involved in gene silencing by miRNA"
"GO:0048488",0.425178147268409,0.672650257752807,0.0611692626746689,0.418251887613767,1.04640896237859,28,"synaptic vesicle endocytosis"
"GO:0007605",0.42600422832981,0.67286995174377,0.0555947097758869,0.362588071407104,1.04233453656132,78,"sensory perception of sound"
"GO:0035024",0.426470588235294,0.67286995174377,0.148261500475107,-0.342100627146148,-1.00097296819977,19,"negative regulation of Rho protein signal transduction"
"GO:0045453",0.426470588235294,0.67286995174377,0.148261500475107,-0.342116052480193,-1.00101810211997,19,"bone resorption"
"GO:0061844",0.426633785450062,0.67286995174377,0.0628003977812234,0.44279045720907,1.05560755217257,21,"antimicrobial humoral immune response mediated by antimicrobial peptide"
"GO:0045019",0.428010471204189,0.67400108100259,0.0655321029282414,0.467651613285771,1.04666056648166,15,"negative regulation of nitric oxide biosynthetic process"
"GO:0048268",0.428010471204189,0.67400108100259,0.0655321029282414,0.467041390609382,1.04529481472542,15,"clathrin coat assembly"
"GO:0046039",0.428759894459103,0.674661450557665,0.0658311958368866,0.479246871224388,1.05863115037709,14,"GTP metabolic process"
"GO:0007189",0.43010752688172,0.675050010694111,0.224966093540314,-0.271879185175606,-1.02473447817779,56,"adenylate cyclase-activating G protein-coupled receptor signaling pathway"
"GO:0016578",0.429521276595745,0.675050010694111,0.066132620475844,0.486523091766522,1.06011269481334,13,"histone deubiquitination"
"GO:0032897",0.430327868852459,0.675050010694111,0.133554954557592,-0.374540393109471,-1.00798061963324,14,"negative regulation of viral transcription"
"GO:0042110",0.430155210643016,0.675050010694111,0.0573667426768556,0.379194626660253,1.03782403959468,48,"T cell activation"
"GO:0032801",0.433510638297872,0.677961549105471,0.0656813601934011,0.485174960298992,1.05717517487402,13,"receptor catabolic process"
"GO:0036010",0.433147632311978,0.677961549105471,0.0679922591544058,0.516780574961599,1.05616998466632,10,"protein localization to endosome"
"GO:0048843",0.433246073298429,0.677961549105471,0.0649407684612899,0.466263180359944,1.04355308657272,15,"negative regulation of axon extension involved in axon guidance"
"GO:0071363",0.433106575963719,0.677961549105471,0.0580983576873206,0.387682959183201,1.03182342122959,41,"cellular response to growth factor stimulus"
"GO:0006936",0.433962264150943,0.678148981593676,0.208955027549354,-0.27903346220989,-1.01050206081527,46,"muscle contraction"
"GO:0048538",0.435349940688019,0.679797768347067,0.059989249649033,0.40889737969744,1.03582206173412,31,"thymus development"
"GO:0006111",0.43586387434555,0.680080732184965,0.0646484568421928,0.464800628532963,1.0402797196469,15,"regulation of gluconeogenesis"
"GO:0007338",0.437275985663082,0.680207088809239,0.0601186142531851,0.411164651844895,1.03223858202417,29,"single fertilization"
"GO:0008543",0.436602870813397,0.680207088809239,0.0602484086158019,0.417496482518664,1.03312736190505,26,"fibroblast growth factor receptor signaling pathway"
"GO:0016540",0.43717277486911,0.680207088809239,0.0645031249656493,0.464366117951224,1.0393072326957,15,"protein autoprocessing"
"GO:0061045",0.437262357414449,0.680207088809239,0.126875729929857,-0.386617586817119,-1.00465280366675,12,"negative regulation of wound healing"
"GO:0048384",0.438108484005563,0.680983833693819,0.0673623868166279,0.50723654893581,1.05524794499634,11,"retinoic acid receptor signaling pathway"
"GO:0032402",0.438931297709924,0.681744356017541,0.0629394692018967,0.456693839337758,1.04918954308381,17,"melanosome transport"
"GO:0071318",0.439313984168865,0.681820640577951,0.0646484568421928,0.475859584885176,1.05114881288206,14,"cellular response to ATP"
"GO:0006646",0.440111420612813,0.682022550214246,0.0672065093710464,0.514646550207529,1.05180857287767,10,"phosphatidylethanolamine biosynthetic process"
"GO:0043508",0.440111420612813,0.682022550214246,0.0672065093710464,0.514895592376891,1.0523175526593,10,"negative regulation of JUN kinase activity"
"GO:0031053",0.44150417827298,0.683144996510198,0.0670512579829467,0.512921099026979,1.04828218308053,10,"primary miRNA processing"
"GO:0055119",0.44150417827298,0.683144996510198,0.0670512579829467,0.513459200762292,1.04938192817365,10,"relaxation of cardiac muscle"
"GO:0007157",0.442622950819672,0.683385542168675,0.154190966581424,-0.334520433429176,-1.01585101036833,23,"heterophilic cell-cell adhesion via plasma membrane cell adhesion molecules"
"GO:0009650",0.443671766342142,0.683385542168675,0.0667426134241917,0.503907366656148,1.04832195993769,11,"UV protection"
"GO:0032570",0.443636363636364,0.683385542168675,0.0601186142531851,0.421832039192825,1.03274197415554,25,"response to progesterone"
"GO:0035456",0.443661971830986,0.683385542168675,0.120433371642259,-0.395059233190744,-0.971448491961931,10,"response to interferon-beta"
"GO:0045742",0.442748091603053,0.683385542168675,0.0625237414724762,0.455996136359249,1.04758666910966,17,"positive regulation of epidermal growth factor receptor signaling pathway"
"GO:0050731",0.443965517241379,0.683385542168675,0.0545680646670941,0.365972241664264,1.03273588683581,65,"positive regulation of peptidyl-tyrosine phosphorylation"
"GO:0060216",0.444,0.683385542168675,0.129442887745046,-0.378931094963428,-0.994248517130582,13,"definitive hemopoiesis"
"GO:0048813",0.445368171021378,0.684975576800373,0.0589694466690997,0.41053987650997,1.02711456640344,28,"dendrite morphogenesis"
"GO:0006805",0.446271929824561,0.685419823674481,0.0551351763385257,0.373000660798132,1.03080575760088,52,"xenobiotic metabolic process"
"GO:0022617",0.446327683615819,0.685419823674481,0.156312403073186,-0.335124909523976,-1.01437441570024,24,"extracellular matrix disassembly"
"GO:0060218",0.44672131147541,0.685509279771575,0.130777137971974,-0.364954954039179,-0.982183837787323,14,"hematopoietic stem cell differentiation"
"GO:0086010",0.447183098591549,0.685703115919825,0.119887845115423,-0.393802343853452,-0.968357807961424,10,"membrane depolarization during action potential"
"GO:0030042",0.447844228094576,0.686202100618675,0.0662842187012672,0.50260308988948,1.04560856047817,11,"actin filament depolymerization"
"GO:0032526",0.449584816132859,0.688353081779448,0.0584693210386381,0.406346212987838,1.02935942613855,31,"response to retinoic acid"
"GO:0006414",0.450372208436725,0.689042510512474,0.0605092988656667,0.440469852904675,1.040669301228,20,"translational elongation"
"GO:0006998",0.451653944020356,0.690486657874053,0.0615706755421678,0.452087442402551,1.03860699723051,17,"nuclear envelope organization"
"GO:0030178",0.452121212121212,0.69068442270236,0.059221919380382,0.425816486091174,1.0347429604368,24,"negative regulation of Wnt signaling pathway"
"GO:0006637",0.452926208651399,0.691397438747917,0.0614364107201271,0.451836554477957,1.03803061768628,17,"acyl-CoA metabolic process"
"GO:0060047",0.453315290933694,0.691474966170501,0.0643583367917361,0.490498452554363,1.04605411285818,12,"heart contraction"
"GO:0009062",0.454225352112676,0.691830566109024,0.118815039412263,-0.389604203814114,-0.958034604584244,10,"fatty acid catabolic process"
"GO:0060333",0.454038997214485,0.691830566109024,0.0656813601934011,0.50857247258759,1.03939468044917,10,"interferon-gamma-mediated signaling pathway"
"GO:0009617",0.455525451846598,0.69329413520063,0.203508959461977,-0.273972443346202,-1.07792871441052,70,"response to bacterium"
"GO:0030900",0.456391875746714,0.694095977698128,0.0580983576873206,0.407231256082596,1.02236369894267,29,"forebrain development"
"GO:0035331",0.45872801082544,0.696612224463001,0.0637845390312975,0.488536935096741,1.04187091229291,12,"negative regulation of hippo signaling"
"GO:0048169",0.45872801082544,0.696612224463001,0.0637845390312975,0.488129380016929,1.04100174611056,12,"regulation of long-term neuronal synaptic plasticity"
"GO:0032880",0.459429824561404,0.697160030737571,0.05378728077603,0.369431182692546,1.02094132847361,52,"regulation of protein localization"
"GO:0050767",0.459899749373434,0.697355406319954,0.059989249649033,0.44054872353908,1.03034456589748,19,"regulation of neurogenesis"
"GO:0000038",0.461437908496732,0.698286169788761,0.0618406035753285,0.451954024661753,1.02766521483926,16,"very long-chain fatty acid metabolic process"
"GO:0008654",0.461538461538462,0.698286169788761,0.0585937568945671,0.424828236660893,1.02887155407912,23,"phospholipid biosynthetic process"
"GO:0043030",0.461267605633803,0.698286169788761,0.11776578836269,-0.387386688771655,-0.952581747232953,10,"regulation of macrophage activation"
"GO:0001556",0.464376590330789,0.698870049967446,0.0602484086158019,0.449233319808307,1.03205005399497,17,"oocyte maturation"
"GO:0006473",0.464659685863874,0.698870049967446,0.0615706755421678,0.454427435710628,1.01706326627178,15,"protein acetylation"
"GO:0006997",0.462765957446808,0.698870049967446,0.148261500475107,-0.328555679860653,-0.986383714074606,22,"nucleus organization"
"GO:0030032",0.463414634146341,0.698870049967446,0.159646701919906,-0.309041225686185,-1.01635845975431,30,"lamellipodium assembly"
"GO:0032693",0.464,0.698870049967446,0.126253987849115,-0.37686524011684,-0.988828077517346,13,"negative regulation of interleukin-10 production"
"GO:0046676",0.463659147869674,0.698870049967446,0.0596037042575973,0.439403305260311,1.02766568967755,19,"negative regulation of insulin secretion"
"GO:0051893",0.463659147869674,0.698870049967446,0.0596037042575973,0.439583057906955,1.02808609076551,19,"regulation of focal adhesion assembly"
"GO:0070932",0.463659147869674,0.698870049967446,0.0596037042575973,0.439946818076254,1.02893684414125,19,"histone H3 deacetylation"
"GO:0005977",0.466422466422466,0.701005530417295,0.0580983576873206,0.42328468864179,1.02513330762523,23,"glycogen metabolic process"
"GO:0002223",0.467592592592593,0.701765398445379,0.136490437780413,-0.33651967795102,-0.965373465479884,17,"stimulatory C-type lectin receptor signaling pathway"
"GO:0022604",0.468085106382979,0.701765398445379,0.147331213699377,-0.325749144719647,-0.977957986790753,22,"regulation of cell morphogenesis"
"GO:0042593",0.4689880304679,0.701765398445379,0.0524827622635459,0.360921664752914,1.01522786587893,63,"glucose homeostasis"
"GO:0048536",0.467878787878788,0.701765398445379,0.057609110864425,0.421011322910242,1.02306631348294,24,"spleen development"
"GO:0070198",0.468706536856745,0.701765398445379,0.0640703750499722,0.495969094320947,1.03180728727438,11,"protein localization to chromosome, telomeric region"
"GO:1900745",0.468864468864469,0.701765398445379,0.0578529757032509,0.422220550823045,1.02255612221982,23,"positive regulation of p38MAPK cascade"
"GO:0008277",0.471698113207547,0.704273881224417,0.0559428593065705,0.397505986966617,1.01668727039827,32,"regulation of G protein-coupled receptor signaling pathway"
"GO:0048168",0.471488178025035,0.704273881224417,0.0637845390312975,0.495540962871962,1.03091660849211,11,"regulation of neuronal synaptic plasticity"
"GO:0051781",0.471496437054632,0.704273881224417,0.0562940749700968,0.405761149178424,1.01515884484765,28,"positive regulation of cell division"
"GO:0001890",0.473489519112207,0.705898066032696,0.0578529757032509,0.429366191631246,1.02360425152413,21,"placenta development"
"GO:0009235",0.473537604456825,0.705898066032696,0.0636424081651019,0.502600689359263,1.02718985212109,10,"cobalamin metabolic process"
"GO:0071360",0.473821989528796,0.705898066032696,0.060640400949416,0.451115524490206,1.00965081055555,15,"cellular response to exogenous dsRNA"
"GO:0001656",0.477051460361613,0.707510025077838,0.0632191170859458,0.493306602348389,1.0262682755677,11,"metanephros development"
"GO:0008219",0.477326968973747,0.707510025077838,0.0559428593065705,0.399871553701552,1.00864872747581,30,"cell death"
"GO:0008625",0.477326968973747,0.707510025077838,0.0559428593065705,0.399582794266718,1.00792035149158,30,"extrinsic apoptotic signaling pathway via death domain receptors"
"GO:0033539",0.476323119777159,0.707510025077838,0.0633597010643758,0.501010902989069,1.02394072719731,10,"fatty acid beta-oxidation using acyl-CoA dehydrogenase"
"GO:0035567",0.476,0.707510025077838,0.124434168630393,-0.373179158284338,-0.979156447385381,13,"non-canonical Wnt signaling pathway"
"GO:0048754",0.477051460361613,0.707510025077838,0.0632191170859458,0.493346945954927,1.02635220585226,11,"branching morphogenesis of an epithelial tube"
"GO:0051607",0.477157360406091,0.707510025077838,0.048505983646947,0.335552005093656,1.00760503563295,161,"defense response to virus"
"GO:0010821",0.478696741854637,0.709026188660056,0.0580983576873206,0.433454418402334,1.013752578778,19,"regulation of mitochondrion organization"
"GO:0016266",0.480519480519481,0.71121058521493,0.0551351763385257,0.390358257687366,1.00137979675664,33,"O-glycan processing"
"GO:0032695",0.481045751633987,0.711474324413798,0.0598603117764473,0.443705032916941,1.00890843558503,16,"negative regulation of interleukin-12 production"
"GO:0010952",0.481894150417827,0.711699164345404,0.0628003977812234,0.499868479968297,1.02160590084588,10,"positive regulation of peptidase activity"
"GO:0045176",0.481894150417827,0.711699164345404,0.0628003977812234,0.49878143082106,1.01938424481468,10,"apical protein localization"
"GO:0033137",0.483870967741935,0.714102713403983,0.0571258510018113,0.429029041002824,1.01363884352728,20,"negative regulation of peptidyl-serine phosphorylation"
"GO:0006509",0.48527528809219,0.71465502627564,0.0584693210386381,0.436105704038116,1.00638520484159,18,"membrane protein ectodomain proteolysis"
"GO:0038096",0.485294117647059,0.71465502627564,0.138022242496643,-0.328686085974685,-0.961722548797003,19,"Fc-gamma receptor signaling pathway involved in phagocytosis"
"GO:0044458",0.484967320261438,0.71465502627564,0.059476028695732,0.44185394405491,1.00469937995264,16,"motile cilium assembly"
"GO:0006914",0.487257900101937,0.715999387353241,0.0477342401407188,0.340092359883212,1.01080339418328,114,"autophagy"
"GO:0006954",0.486973947895792,0.715999387353241,0.0469758727821845,0.330008002773978,1.00993999190642,260,"inflammatory response"
"GO:0051014",0.486692015209125,0.715999387353241,0.119348440591015,-0.375991455051688,-0.977040058064148,12,"actin filament severing"
"GO:0032703",0.487714987714988,0.716156203225169,0.0562940749700968,0.421114267805845,1.01053045838495,22,"negative regulation of interleukin-2 production"
"GO:0001775",0.491204330175913,0.720407560227989,0.0605092988656667,0.472058048320911,1.0067274634249,12,"cell activation"
"GO:0039702",0.491315136476427,0.720407560227989,0.0564118388217596,0.427078361552841,1.00903010082503,20,"viral budding via host ESCRT complex"
"GO:0006506",0.492121212121212,0.720555700269167,0.0552495663125249,0.414926166948698,1.00827925732134,24,"GPI anchor biosynthetic process"
"GO:0010804",0.491803278688525,0.720555700269167,0.12384217120105,-0.357731222196303,-0.962742992866444,14,"negative regulation of tumor necrosis factor-mediated signaling pathway"
"GO:0030099",0.49281045751634,0.721048371627343,0.0587185879555941,0.438885860062812,0.997950470756215,16,"myeloid cell differentiation"
"GO:0007413",0.49469964664311,0.721317776873332,0.11331290842208,-0.368925139508633,-0.94483599537041,11,"axonal fasciculation"
"GO:0016197",0.495038588754135,0.721317776873332,0.0506004243853618,0.362400944397688,0.999179631696961,53,"endosomal transport"
"GO:0030155",0.49546485260771,0.721317776873332,0.0518457624865066,0.37177418573059,0.990284967915144,40,"regulation of cell adhesion"
"GO:0045198",0.495263870094723,0.721317776873332,0.0601186142531851,0.468184649987569,0.998466919000694,12,"establishment of epithelial cell apical/basal polarity"
"GO:0045786",0.493506493506494,0.721317776873332,0.0538979025357319,0.388172729278635,0.995773295675539,33,"negative regulation of cell cycle"
"GO:0048812",0.494949494949495,0.721317776873332,0.0514264916187015,0.368000932774862,0.989378953661257,45,"neuron projection morphogenesis"
"GO:1903672",0.495263870094723,0.721317776873332,0.0601186142531851,0.468156206221181,0.998406258832123,12,"positive regulation of sprouting angiogenesis"
"GO:0045814",0.497361477572559,0.722565184548462,0.0587185879555941,0.453792148979467,1.00240300678207,14,"negative regulation of gene expression, epigenetic"
"GO:0071383",0.497214484679666,0.722565184548462,0.0613026075396207,0.492287176274207,1.00611161604825,10,"cellular response to steroid hormone stimulus"
"GO:2000010",0.49738219895288,0.722565184548462,0.0583452776743612,0.442644726598323,0.990692145882553,15,"positive regulation of protein localization to cell surface"
"GO:0006893",0.498150431565968,0.723167245824459,0.0554793308704233,0.423547573380733,1.00973272997607,21,"Golgi to plasma membrane transport"
"GO:0001944",0.498607242339833,0.723283793347488,0.0611692626746689,0.491730185409224,1.00497326630789,10,"vasculature development"
"GO:0030517",0.5,0.723283793347488,0.0588438169595807,0.459372137514764,1.00095194424326,13,"negative regulation of axon extension"
"GO:0045638",0.5,0.723283793347488,0.0588438169595807,0.459863538284613,1.00202268518685,13,"negative regulation of myeloid cell differentiation"
"GO:0060325",0.5,0.723283793347488,0.13880510939114,-0.324341092438397,-0.95845768815519,20,"face morphogenesis"
"GO:0071391",0.5,0.723283793347488,0.0588438169595807,0.458854634254511,0.999824327106301,13,"cellular response to estrogen stimulus"
"GO:0010839",0.501392757660167,0.723761862046173,0.0609039347452418,0.489717534282336,1.00085991179571,10,"negative regulation of keratinocyte proliferation"
"GO:0034375",0.501392757660167,0.723761862046173,0.0609039347452418,0.489719881749661,1.00086470943063,10,"high-density lipoprotein particle remodeling"
"GO:0045730",0.501392757660167,0.723761862046173,0.0609039347452418,0.489866306134882,1.00116396417855,10,"respiratory burst"
"GO:0001657",0.502659574468085,0.725078454631451,0.0585937568945671,0.456331187949145,0.994325847161013,13,"ureteric bud development"
"GO:1902230",0.503477051460362,0.725745481794767,0.060640400949416,0.486288070203462,1.01166701775542,11,"negative regulation of intrinsic apoptotic signaling pathway in response to DNA damage"
"GO:0007175",0.506648936170213,0.726315915656729,0.0582216241124161,0.453728121349234,0.988653878050582,13,"negative regulation of epidermal growth factor-activated receptor activity"
"GO:0019216",0.506172839506173,0.726315915656729,0.153158808683073,-0.308507781576169,-0.965141016296879,27,"regulation of lipid metabolic process"
"GO:0032091",0.506550218340611,0.726315915656729,0.0490939668192139,0.351279781630983,0.981126464983627,60,"negative regulation of protein binding"
"GO:0032868",0.505482456140351,0.726315915656729,0.0493910105981501,0.356288814257087,0.98462174388415,52,"response to insulin"
"GO:0043491",0.505938242280285,0.726315915656729,0.0530212512043078,0.396426267824214,0.991804249683681,28,"protein kinase B signaling"
"GO:0048593",0.504867872044506,0.726315915656729,0.0605092988656667,0.485418622159523,1.00985822999441,11,"camera-type eye morphogenesis"
"GO:0071385",0.50531914893617,0.726315915656729,0.0583452776743612,0.454845999546649,0.991089686110653,13,"cellular response to glucocorticoid stimulus"
"GO:2001238",0.506715506715507,0.726315915656729,0.0542315935495841,0.409963691716097,0.99287181079878,23,"positive regulation of extrinsic apoptotic signaling pathway"
"GO:0006349",0.507649513212796,0.726401467385074,0.0602484086158019,0.484139544624099,1.00719725466923,11,"regulation of gene expression by genetic imprinting"
"GO:0006978",0.507978723404255,0.726401467385074,0.0580983576873206,0.453703310356169,0.98859981597385,13,"DNA damage response, signal transduction by p53 class mediator resulting in transcription of p21 class mediator"
"GO:0031032",0.508196721311475,0.726401467385074,0.142901149386948,-0.317258916344706,-0.963432300422884,23,"actomyosin structure organization"
"GO:0045859",0.508196721311475,0.726401467385074,0.121543282035469,-0.351604028572147,-0.946253202874461,14,"regulation of protein kinase activity"
"GO:0045717",0.50904033379694,0.727098841566,0.0601186142531851,0.482628641698936,1.00405399298943,11,"negative regulation of fatty acid biosynthetic process"
"GO:0034629",0.511142061281337,0.728065765337319,0.059989249649033,0.485440230761982,0.992118175336595,10,"cellular protein-containing complex localization"
"GO:0035116",0.510431154381085,0.728065765337319,0.059989249649033,0.480851474674945,1.00035679913793,11,"embryonic hindlimb morphogenesis"
"GO:0071526",0.51030303030303,0.728065765337319,0.0535669384770951,0.409374406446179,0.994788363272716,24,"semaphorin-plexin signaling pathway"
"GO:0090280",0.511142061281337,0.728065765337319,0.059989249649033,0.485151989478534,0.991529082389474,10,"positive regulation of calcium ion import"
"GO:0030318",0.512534818941504,0.729033521166621,0.0598603117764473,0.483281136567988,0.987705527895401,10,"melanocyte differentiation"
"GO:0035904",0.512295081967213,0.729033521166621,0.120985142145252,-0.35105700461603,-0.944781026424645,14,"aorta development"
"GO:0001953",0.513307984790874,0.729383725592756,0.115734447701689,-0.364041134135716,-0.945986314462394,12,"negative regulation of cell-matrix adhesion"
"GO:0007159",0.513661202185792,0.729383725592756,0.142056643575821,-0.315795271905591,-0.958987595305613,23,"leukocyte cell-cell adhesion"
"GO:0031065",0.514208389715832,0.729383725592756,0.0583452776743612,0.462864346880277,0.987120654974677,12,"positive regulation of histone deacetylation"
"GO:1904903",0.513927576601671,0.729383725592756,0.0597317976364411,0.482710879245448,0.98654006484051,10,"ESCRT III complex disassembly"
"GO:0051123",0.514603616133519,0.729438135490231,0.0596037042575973,0.478414053761293,0.995286022168843,11,"RNA polymerase II preinitiation complex assembly"
"GO:0008272",0.515561569688769,0.730106429508675,0.0582216241124161,0.459790413461948,0.98056507732066,12,"sulfate transport"
"GO:0019221",0.515789473684211,0.730106429508675,0.0466015072985992,0.340260129179521,0.986106193121792,83,"cytokine-mediated signaling pathway"
"GO:0051568",0.517285531370038,0.731717388318587,0.0554793308704233,0.4271977981174,0.985828755701573,18,"histone H3-K4 methylation"
"GO:0050772",0.518324607329843,0.732680150333471,0.138022242496643,-0.313522778235398,-0.944110217342985,21,"positive regulation of axonogenesis"
"GO:0030050",0.518987341772152,0.733109969994664,0.122107920287081,-0.335333823499776,-0.951891114237131,16,"vesicle transport along actin filament"
"GO:0046475",0.520912547528517,0.735321303279205,0.114750719227023,-0.361836500876585,-0.940257420950131,12,"glycerophospholipid catabolic process"
"GO:0002091",0.522284122562674,0.73568272296382,0.0589694466690997,0.481390205417702,0.983840938511112,10,"negative regulation of receptor internalization"
"GO:0006995",0.522968197879859,0.73568272296382,0.109684061970549,-0.361455542221906,-0.925705977836716,11,"cellular response to nitrogen starvation"
"GO:0019433",0.522968197879859,0.73568272296382,0.109684061970549,-0.360410823402553,-0.923030399948799,11,"triglyceride catabolic process"
"GO:0042327",0.521578298397041,0.73568272296382,0.053347785067549,0.416195551469044,0.992205591061123,21,"positive regulation of phosphorylation"
"GO:0050427",0.522968197879859,0.73568272296382,0.109684061970549,-0.361806816020156,-0.926605607851789,11,"3'-phosphoadenosine 5'-phosphosulfate metabolic process"
"GO:0007275",0.523627518596102,0.736103609360683,0.143902565267782,-0.235874750161482,-1.05917778689312,129,"multicellular organism development"
"GO:0006283",0.525069637883008,0.73610585722419,0.0587185879555941,0.478928726341724,0.978810292151921,10,"transcription-coupled nucleotide-excision repair"
"GO:0015721",0.524869109947644,0.73610585722419,0.055826471778749,0.432102357424499,0.967097055481805,15,"bile acid and bile salt transport"
"GO:1900271",0.524647887323944,0.73610585722419,0.109250039480711,-0.374670368001812,-0.921312384065827,10,"regulation of long-term synaptic potentiation"
"GO:2000009",0.525069637883008,0.73610585722419,0.0587185879555941,0.479377652510878,0.979727784736131,10,"negative regulation of protein localization to cell surface"
"GO:0007190",0.526501766784452,0.737102473498233,0.109250039480711,-0.357933871492111,-0.916686800467061,11,"activation of adenylate cyclase activity"
"GO:0042059",0.526385224274406,0.737102473498233,0.0560595875032335,0.444199220226485,0.98121273134989,14,"negative regulation of epidermal growth factor receptor signaling pathway"
"GO:0032757",0.528473804100228,0.739356916893132,0.0490939668192139,0.363822344723977,0.96630824392213,42,"positive regulation of interleukin-8 production"
"GO:0045600",0.529062870699881,0.739674765875894,0.0509082865515105,0.387378905445637,0.981311293332113,31,"positive regulation of fat cell differentiation"
"GO:0001756",0.529904306220096,0.740344772326641,0.051218434854034,0.392951487138139,0.972388870954242,26,"somitogenesis"
"GO:0010884",0.533426183844011,0.742557965594615,0.0579754757571486,0.476601467041617,0.974053957377743,10,"positive regulation of lipid storage"
"GO:0046628",0.532650448143406,0.742557965594615,0.0541200569620232,0.420807616553944,0.971082367103199,18,"positive regulation of insulin receptor signaling pathway"
"GO:0048167",0.533807829181495,0.742557965594615,0.0504983044100709,0.386385698867104,0.978795294607286,31,"regulation of synaptic plasticity"
"GO:0050730",0.532981530343008,0.742557965594615,0.0554793308704233,0.442451190240795,0.977351424984097,14,"regulation of peptidyl-tyrosine phosphorylation"
"GO:0050853",0.533333333333333,0.742557965594615,0.175204047558551,-0.276900978402696,-0.953034435839499,40,"B cell receptor signaling pathway"
"GO:0051091",0.534031413612565,0.742557965594615,0.044774889329693,0.336836375244253,0.97954200635581,87,"positive regulation of DNA-binding transcription factor activity"
"GO:0060644",0.53356890459364,0.742557965594615,0.108394255853397,-0.355498541773603,-0.91044979753008,11,"mammary gland epithelial cell differentiation"
"GO:0048041",0.534798534798535,0.743119106137461,0.0517405459873163,0.403742093239447,0.97780401364895,23,"focal adhesion assembly"
"GO:0001892",0.535947712418301,0.743788746127133,0.0547939500773363,0.421222170076811,0.957786297469112,16,"embryonic placenta development"
"GO:0007030",0.536008230452675,0.743788746127133,0.0438002031299891,0.331915814746399,0.978261457871966,105,"Golgi organization"
"GO:0030206",0.53781512605042,0.744779212498007,0.119348440591015,-0.344618361737425,-0.948296106273921,15,"chondroitin sulfate biosynthetic process"
"GO:0080182",0.53781512605042,0.744779212498007,0.119348440591015,-0.344738664149921,-0.94862714582959,15,"histone H3-K4 trimethylation"
"GO:0090309",0.537102473498233,0.744779212498007,0.107972360317345,-0.354767558558975,-0.908577712439561,11,"positive regulation of DNA methylation-dependent heterochromatin assembly"
"GO:0032689",0.539285714285714,0.746310088016249,0.0501934252649434,0.388241914395707,0.965446890932708,27,"negative regulation of interferon-gamma production"
"GO:0007422",0.540983606557377,0.748153242086116,0.117249716749792,-0.342494318594456,-0.921736725407882,14,"peripheral nervous system development"
"GO:0060337",0.541666666666667,0.74859139057922,0.12563992130984,-0.322714352295707,-0.925770149706213,17,"type I interferon signaling pathway"
"GO:0010976",0.543933054393305,0.749189290282504,0.0438879842863647,0.333957449694101,0.972339831785038,89,"positive regulation of neuron projection development"
"GO:0032092",0.542763157894737,0.749189290282504,0.0461379160269737,0.34733069363779,0.969249758287005,59,"positive regulation of protein binding"
"GO:0032688",0.544,0.749189290282504,0.115240003147781,-0.354364179283423,-0.929789253137813,13,"negative regulation of interferon-beta production"
"GO:0045862",0.544665012406948,0.749189290282504,0.05163559644842,0.41189711466358,0.973162362118667,20,"positive regulation of proteolysis"
"GO:0061564",0.544502617801047,0.749189290282504,0.0541200569620232,0.426280394683891,0.954066802517839,15,"axon development"
"GO:0097009",0.543030303030303,0.749189290282504,0.0507027937029348,0.396139084575503,0.969839704512501,25,"energy homeostasis"
"GO:1903351",0.543882978723404,0.749189290282504,0.0549073703290958,0.437363036165831,0.952995067917574,13,"cellular response to dopamine"
"GO:0006884",0.546174142480211,0.749415858811832,0.0543434390269162,0.439335505470453,0.970469041079924,14,"cell volume homeostasis"
"GO:0006977",0.546296296296296,0.749415858811832,0.125033367555272,-0.319907042943394,-0.91771682582745,17,"DNA damage response, signal transduction by p53 class mediator resulting in cell cycle arrest"
"GO:0019835",0.546218487394958,0.749415858811832,0.118287526124085,-0.340661754948548,-0.937408599313953,15,"cytolysis"
"GO:0060088",0.545961002785515,0.749415858811832,0.0568864160475701,0.472805060892701,0.966295054627992,10,"auditory receptor cell stereocilium organization"
"GO:0018105",0.548125633232016,0.751264489623816,0.042077210988939,0.326112669243436,0.97805190309035,149,"peptidyl-serine phosphorylation"
"GO:0051899",0.54874651810585,0.751264489623816,0.0566484183613995,0.470205789015979,0.960982794316379,10,"membrane depolarization"
"GO:1903076",0.548523206751055,0.751264489623816,0.118287526124085,-0.32738131163345,-0.92931681707135,16,"regulation of protein localization to plasma membrane"
"GO:0043537",0.550131926121372,0.752657066259762,0.0540088272801684,0.437418460874288,0.966234390322629,14,"negative regulation of blood vessel endothelial cell migration"
"GO:0006693",0.551451187335092,0.753957342416675,0.0538979025357319,0.436571491634563,0.964363479786909,14,"prostaglandin metabolic process"
"GO:0010575",0.552631578947368,0.755066141289051,0.0514264916187015,0.413559864320702,0.967223682894942,19,"positive regulation of vascular endothelial growth factor production"
"GO:0060071",0.553113553113553,0.755219841392186,0.0501934252649434,0.398324543267455,0.96468350380997,23,"Wnt signaling pathway, planar cell polarity pathway"
"GO:0007409",0.55457552370452,0.756710527671588,0.0454059226590179,0.346026658290801,0.954982912843703,54,"axonogenesis"
"GO:0006482",0.55849582172702,0.759019587506667,0.055826471778749,0.466304230745851,0.953008986983079,10,"protein demethylation"
"GO:0016082",0.55849582172702,0.759019587506667,0.055826471778749,0.465077544392631,0.950501947497381,10,"synaptic vesicle priming"
"GO:0034453",0.55718085106383,0.759019587506667,0.05378728077603,0.434357050263007,0.946445155138627,13,"microtubule anchoring"
"GO:0061099",0.558047493403694,0.759019587506667,0.053347785067549,0.433194504198658,0.956903892028002,14,"negative regulation of protein tyrosine kinase activity"
"GO:0090050",0.557591623036649,0.759019587506667,0.0530212512043078,0.42199393628012,0.944473192972544,15,"positive regulation of cell migration involved in sprouting angiogenesis"
"GO:2000251",0.558047493403694,0.759019587506667,0.053347785067549,0.433847232022082,0.958345733484011,14,"positive regulation of actin cytoskeleton reorganization"
"GO:0002088",0.559796437659033,0.759836540363369,0.051530912208539,0.415125315481486,0.953691735154821,17,"lens development in camera-type eye"
"GO:0071397",0.559840425531915,0.759836540363369,0.0535669384770951,0.433101835159133,0.943710095921795,13,"cellular response to cholesterol"
"GO:0031122",0.562642369020501,0.762755796714103,0.0462302524077616,0.35501090284828,0.942905148843442,42,"cytoplasmic microtubule organization"
"GO:0042246",0.562737642585551,0.762755796714103,0.109684061970549,-0.341098059214164,-0.886367131759313,12,"tissue regeneration"
"GO:0006810",0.56413612565445,0.763832997286527,0.0524827622635459,0.421055133567147,0.942372039568047,15,"transport"
"GO:0006892",0.565400843881857,0.763832997286527,0.116234148779716,-0.325793765458603,-0.92481034921342,16,"post-Golgi vesicle-mediated transport"
"GO:0019233",0.564971751412429,0.763832997286527,0.137250779610133,-0.307366347579546,-0.930353281332595,24,"sensory perception of pain"
"GO:0035458",0.56516290726817,0.763832997286527,0.0503964322442957,0.410226645455718,0.959428032241608,19,"cellular response to interferon-beta"
"GO:0045595",0.565113500597372,0.763832997286527,0.0482149710025564,0.380209742795521,0.954525550807988,29,"regulation of cell differentiation"
"GO:0001822",0.566844919786096,0.764858222930779,0.0430173196927508,0.336508102184596,0.954501711484327,67,"kidney development"
"GO:0010667",0.567282321899736,0.764858222930779,0.0525898950623616,0.429715344033995,0.949218610081237,14,"negative regulation of cardiac muscle cell apoptotic process"
"GO:0090110",0.567282321899736,0.764858222930779,0.0525898950623616,0.428516333545846,0.94657005893026,14,"COPII-coated vesicle cargo loading"
"GO:0010508",0.568421052631579,0.765383815269399,0.191892240384838,-0.249122631607573,-0.928106006834827,54,"positive regulation of autophagy"
"GO:0048489",0.568062827225131,0.765383815269399,0.0521630305460055,0.419507471296491,0.938908185230957,15,"synaptic vesicle transport"
"GO:0018242",0.569637883008356,0.766013047940185,0.0549073703290958,0.460555617140076,0.941260261434881,10,"protein O-linked glycosylation via serine"
"GO:0045773",0.569377990430622,0.766013047940185,0.047925896705813,0.378831211102144,0.937447154936824,26,"positive regulation of axon extension"
"GO:0042554",0.570422535211268,0.76656388032336,0.103958471559957,-0.363470731617258,-0.893772539500179,10,"superoxide anion generation"
"GO:0071310",0.572423398328691,0.768242564795695,0.0546808488785442,0.459771494805598,0.939657711892372,10,"cellular response to organic substance"
"GO:2000179",0.572395128552097,0.768242564795695,0.053347785067549,0.441304917986545,0.941142264731615,12,"positive regulation of neural precursor cell proliferation"
"GO:0001782",0.573870573870574,0.769679431096754,0.048505983646947,0.393399555045073,0.952755906138943,23,"B cell homeostasis"
"GO:0006699",0.576441102756892,0.772620074777107,0.0494904866135495,0.405693829842512,0.948826794090777,19,"bile acid biosynthetic process"
"GO:0072520",0.578581363004173,0.774980541271644,0.0541200569620232,0.451080214556658,0.938421078761142,11,"seminiferous tubule development"
"GO:0043552",0.579234972677596,0.775347926753769,0.132846300606183,-0.303729693005475,-0.922347589818604,23,"positive regulation of phosphatidylinositol 3-kinase activity"
"GO:0007596",0.580043859649123,0.775922545237439,0.0431036828790402,0.338201744982994,0.943774810523529,59,"blood coagulation"
"GO:0003007",0.581818181818182,0.777707157835571,0.0475434194201301,0.383259907135552,0.938308512239182,25,"heart morphogenesis"
"GO:0009267",0.582138919514884,0.777707157835571,0.0431901998334182,0.338704601537199,0.933846184039259,53,"cellular response to starvation"
"GO:0036376",0.588317107093185,0.785447528999654,0.053347785067549,0.449323471545171,0.934766374744549,11,"sodium ion export across plasma membrane"
"GO:0010633",0.590106007067138,0.78685905001943,0.102080107662747,-0.344156704618374,-0.88140277728049,11,"negative regulation of epithelial cell migration"
"GO:0010907",0.590529247910863,0.78685905001943,0.0532386494755899,0.453893601260294,0.927644770546665,10,"positive regulation of glucose metabolic process"
"GO:0016239",0.590361445783133,0.78685905001943,0.13880510939114,-0.298333281087484,-0.917055822173301,26,"positive regulation of macroautophagy"
"GO:0001935",0.592692828146143,0.788021630445873,0.0517405459873163,0.431004398039231,0.91917501651839,12,"endothelial cell proliferation"
"GO:0006816",0.59371492704826,0.788021630445873,0.0431036828790402,0.343757654624058,0.924200343951495,45,"calcium ion transport"
"GO:0009611",0.592,0.788021630445873,0.161978948883402,-0.271865098044079,-0.922252128351455,38,"response to wounding"
"GO:0033120",0.593667546174143,0.788021630445873,0.0504983044100709,0.41917811040494,0.925942414808394,14,"positive regulation of RNA splicing"
"GO:0045654",0.593314763231198,0.788021630445873,0.0530212512043078,0.452616438087765,0.925034569092312,10,"positive regulation of megakaryocyte differentiation"
"GO:0045666",0.59255079006772,0.788021630445873,0.0434506826723125,0.346192795039728,0.924759524995671,43,"positive regulation of neuron differentiation"
"GO:0070588",0.594652406417112,0.788753743489018,0.0408229003677776,0.329133782914365,0.933584532020382,67,"calcium ion transmembrane transport"
"GO:0010586",0.596100278551532,0.79016145872849,0.052805004567129,0.449754121866548,0.919184712062184,10,"miRNA metabolic process"
"GO:0010634",0.597619047619048,0.791148531951641,0.0454967810085007,0.374340407021001,0.930877807645866,27,"positive regulation of epithelial cell migration"
"GO:0051016",0.597285067873303,0.791148531951641,0.117249716749792,-0.299811653930358,-0.883550621360137,18,"barbed-end actin filament capping"
"GO:0007249",0.599771949828962,0.792458865837362,0.0433636987883266,0.348021954209241,0.922649871124971,39,"I-kappaB kinase/NF-kappaB signaling"
"GO:0050885",0.599508599508599,0.792458865837362,0.046788296531803,0.391178844436537,0.938695663385124,22,"neuromuscular process controlling balance"
"GO:1900273",0.599476439790576,0.792458865837362,0.0496901392724606,0.408122272643027,0.913426741066967,15,"positive regulation of long-term synaptic potentiation"
"GO:0001835",0.600737100737101,0.793221339732968,0.0466948041282054,0.38949612438628,0.934657709808818,22,"blastocyst hatching"
"GO:0050728",0.601503759398496,0.793720906527131,0.0404934829859503,0.329877917124483,0.93338818227921,66,"negative regulation of inflammatory response"
"GO:0030901",0.602393617021277,0.794382292381606,0.0501934252649434,0.419819394738479,0.914768234895402,13,"midbrain development"
"GO:0055117",0.603518267929635,0.795352249934348,0.0509082865515105,0.42852976716369,0.913897532376115,12,"regulation of cardiac muscle contraction"
"GO:0042113",0.604066985645933,0.795562447590391,0.0452247443372884,0.370527939095967,0.916900065650776,26,"B cell activation"
"GO:0031116",0.604848484848485,0.796066654890184,0.04577044581081,0.378978279524558,0.920925139597633,24,"positive regulation of microtubule polymerization"
"GO:0032930",0.605228758169935,0.796066654890184,0.0491927521045191,0.399685910439864,0.908816571171839,16,"positive regulation of superoxide anion generation"
"GO:0048839",0.606382978723404,0.79655964557239,0.127505315300183,-0.293447336596421,-0.880982102881436,22,"inner ear development"
"GO:0097190",0.606359649122807,0.79655964557239,0.0410713282497468,0.332472114690545,0.918803117751664,52,"apoptotic signaling pathway"
"GO:0003281",0.609022556390977,0.798487559501705,0.0469758727821845,0.395661019757593,0.925362303560343,19,"ventricular septum development"
"GO:0051496",0.608893956670468,0.798487559501705,0.0426733861156084,0.346301517108531,0.918088776486976,39,"positive regulation of stress fiber assembly"
"GO:2000134",0.608540925266904,0.798487559501705,0.0445070537769277,0.365777809875856,0.926591227956877,31,"negative regulation of G1/S transition of mitotic cell cycle"
"GO:0030520",0.609498680738786,0.79859955348082,0.0492917662312669,0.413772413810334,0.914001515142388,14,"intracellular estrogen receptor signaling pathway"
"GO:0030183",0.610804851157663,0.79979828043963,0.0409883873374721,0.332050279974047,0.916410155062937,54,"B cell differentiation"
"GO:0002376",0.613931523022432,0.800893297076773,0.0438879842863647,0.352171379767973,0.903419609424526,33,"immune system process"
"GO:0008104",0.614457831325301,0.800893297076773,0.0404114482034376,0.328839762315695,0.921108875501733,62,"protein localization"
"GO:0009792",0.614343707713126,0.800893297076773,0.0500922874402106,0.424627392775564,0.905575192606533,12,"embryo development ending in birth or egg hatching"
"GO:0022011",0.613445378151261,0.800893297076773,0.110564716336619,-0.322408737252229,-0.887181253557036,15,"myelination in peripheral nervous system"
"GO:0042391",0.612794612794613,0.800893297076773,0.0416556773979467,0.339535809939788,0.910922606109889,44,"regulation of membrane potential"
"GO:0048814",0.612137203166227,0.800893297076773,0.0490939668192139,0.412580235563363,0.911368056053085,14,"regulation of dendrite morphogenesis"
"GO:0060122",0.614206128133705,0.800893297076773,0.0514264916187015,0.439815668550952,0.898873004164261,10,"inner ear receptor cell stereocilium organization"
"GO:1904754",0.614775725593668,0.800893297076773,0.0488970772260102,0.412167905312957,0.910457240201106,14,"positive regulation of vascular associated smooth muscle cell migration"
"GO:0060348",0.615916955017301,0.801868952901505,0.0426733861156084,0.347417373986198,0.906577927283108,36,"bone development"
"GO:0021510",0.619047619047619,0.805431784426056,0.0450442767152794,0.380014885310759,0.920340203127725,23,"spinal cord development"
"GO:0001654",0.62026862026862,0.806507035514669,0.0449543067640062,0.379370707258834,0.91878009855794,23,"eye development"
"GO:1902358",0.623670212765957,0.81041444049181,0.0486034247259069,0.413131238651588,0.90019503314487,13,"sulfate transmembrane transport"
"GO:0030101",0.624839948783611,0.810596446700508,0.046788296531803,0.394883280766348,0.911257724269127,18,"natural killer cell activation"
"GO:0032715",0.625,0.810596446700508,0.0430173196927508,0.354999287548147,0.907969360172096,32,"negative regulation of interleukin-6 production"
"GO:0046856",0.625,0.810596446700508,0.0434506826723125,0.361709711637467,0.899468871268321,27,"phosphatidylinositol dephosphorylation"
"GO:0007254",0.626410835214447,0.811911063524623,0.0409055783172035,0.338423661595136,0.904006406338121,43,"JNK cascade"
"GO:0023019",0.63031914893617,0.814918383878735,0.0481183992657975,0.410582978070677,0.894642483970467,13,"signal transduction involved in regulation of gene expression"
"GO:0048286",0.630325814536341,0.814918383878735,0.0454059226590179,0.38951276037011,0.91098290507127,19,"lung alveolus development"
"GO:0070365",0.630041724617524,0.814918383878735,0.0501934252649434,0.431072762168669,0.896797849793648,11,"hepatocyte differentiation"
"GO:0071044",0.629526462395543,0.814918383878735,0.0502948063662358,0.435951156585353,0.890974910193232,10,"histone mRNA catabolic process"
"GO:0001818",0.633016627078385,0.817481093659104,0.0427591434738678,0.362335923103894,0.906514874304075,28,"negative regulation of cytokine production"
"GO:0048701",0.633507853403141,0.817481093659104,0.0471642455670861,0.398855472762772,0.892686528189282,15,"embryonic cranial skeleton morphogenesis"
"GO:0048856",0.633507853403141,0.817481093659104,0.123257226381337,-0.287594423799733,-0.866032240108354,21,"anatomical structure development"
"GO:0016477",0.636088709677419,0.819449172094008,0.0349401058848478,0.313542060128706,0.947916119214738,190,"cell migration"
"GO:0043647",0.635883905013193,0.819449172094008,0.0473534245254193,0.402527054381111,0.889161107194502,14,"inositol phosphate metabolic process"
"GO:0045087",0.636636636636637,0.819449172094008,0.034566432206351,0.311367163297909,0.957113459322009,318,"innate immune response"
"GO:0050870",0.636363636363636,0.819449172094008,0.0434506826723125,0.367019302993402,0.898547773307791,25,"positive regulation of T cell activation"
"GO:0043981",0.638655462184874,0.820497652234998,0.107972360317345,-0.308582373426941,-0.849134856628722,15,"histone H4-K5 acetylation"
"GO:0043982",0.638655462184874,0.820497652234998,0.107972360317345,-0.308582373426941,-0.849134856628722,15,"histone H4-K8 acetylation"
"GO:1902187",0.638297872340426,0.820497652234998,0.0475434194201301,0.408295564293756,0.88965830865743,13,"negative regulation of viral release from host cell"
"GO:1990403",0.639275766016713,0.820778684508895,0.0495901956956338,0.431531176108218,0.881941577790774,10,"embryonic brain development"
"GO:0043651",0.640054127198917,0.821262169488128,0.0482149710025564,0.418459263463613,0.892420824836755,12,"linoleic acid metabolic process"
"GO:0051896",0.640845070422535,0.821761181896902,0.096887770327544,-0.348203752725137,-0.856231121972027,10,"regulation of protein kinase B signaling"
"GO:0097150",0.641407307171854,0.821966480162551,0.0481183992657975,0.41817223004624,0.89180868735659,12,"neuronal stem cell population maintenance"
"GO:0007269",0.642533936651584,0.82215421509634,0.112378519110475,-0.289018107802692,-0.851741836535536,18,"neurotransmitter secretion"
"GO:0045879",0.642506142506142,0.82215421509634,0.0436251240000606,0.377147503562031,0.905025236117134,22,"negative regulation of smoothened signaling pathway"
"GO:0061178",0.64276048714479,0.82215421509634,0.0480220415968251,0.41690081810073,0.889097229883459,12,"regulation of insulin secretion involved in cellular response to glucose stimulus"
"GO:0090314",0.644047619047619,0.823285386700021,0.042077210988939,0.355834574059846,0.884859080058775,27,"positive regulation of protein targeting to membrane"
"GO:0043547",0.647298674821611,0.82640755236438,0.0346410167413251,0.310850077861243,0.92389112737546,114,"positive regulation of GTPase activity"
"GO:0048565",0.647058823529412,0.82640755236438,0.107140237276725,-0.305438523265789,-0.840483835100157,15,"digestive tract development"
"GO:0007274",0.649526387009472,0.828734041852285,0.0475434194201301,0.414751361285595,0.884513223287367,12,"neuromuscular synaptic transmission"
"GO:0034587",0.651810584958217,0.830611493550247,0.048701086452153,0.425682586511546,0.869988526372201,10,"piRNA metabolic process"
"GO:0097194",0.651728553137004,0.830611493550247,0.0448645113168564,0.384934348524536,0.888298936710467,18,"execution phase of apoptosis"
"GO:0010955",0.653203342618384,0.831867683683475,0.0486034247259069,0.424790847610145,0.868166035536726,10,"negative regulation of protein processing"
"GO:0045599",0.653890824622532,0.832224685883222,0.0402477565068868,0.33976789285922,0.876900418678088,34,"negative regulation of fat cell differentiation"
"GO:0030521",0.654353562005277,0.832295383160415,0.0460457683018055,0.394771272373984,0.872028992367539,14,"androgen receptor signaling pathway"
"GO:0051216",0.656434474616293,0.83442292668887,0.0408229003677776,0.342677779079206,0.879065827376905,33,"cartilage development"
"GO:0006508",0.660320641282565,0.834539001894871,0.0328701032730105,0.308699309422807,0.944467022697693,254,"proteolysis"
"GO:0006644",0.660606060606061,0.834539001894871,0.130777137971974,-0.272253183381999,-0.88848224418747,29,"phospholipid metabolic process"
"GO:0007040",0.660899653979239,0.834539001894871,0.0394366509525593,0.335930006380378,0.876601896451568,36,"lysosome organization"
"GO:0007608",0.658311345646438,0.834539001894871,0.04577044581081,0.393651050475385,0.869554481069924,14,"sensory perception of smell"
"GO:0010039",0.659574468085106,0.834539001894871,0.0460457683018055,0.401995370900714,0.875930460773597,13,"response to iron ion"
"GO:0018230",0.660933660933661,0.834539001894871,0.042331839351853,0.372725610149506,0.894414201728841,22,"peptidyl-L-cysteine S-palmitoylation"
"GO:0035019",0.661016949152542,0.834539001894871,0.12563992130984,-0.282392371760389,-0.854760684634087,24,"somatic stem cell population maintenance"
"GO:0046580",0.659679408138101,0.834539001894871,0.0425877779273254,0.374375216654153,0.892506375447404,21,"negative regulation of Ras protein signal transduction"
"GO:0046626",0.657858136300417,0.834539001894871,0.0482149710025564,0.420890476914116,0.875614763494412,11,"regulation of insulin receptor signaling pathway"
"GO:1904380",0.657794676806084,0.834539001894871,0.0999276973731092,-0.321338076707417,-0.835019437027568,12,"endoplasmic reticulum mannose trimming"
"GO:2000737",0.658774373259053,0.834539001894871,0.0482149710025564,0.42077167165247,0.859951847126287,10,"negative regulation of stem cell differentiation"
"GO:0006812",0.663058186738836,0.835567776630198,0.0466015072985992,0.408873685092814,0.871978285973113,12,"cation transport"
"GO:0048844",0.662952646239554,0.835567776630198,0.047925896705813,0.418905769645117,0.856138411037594,10,"artery morphogenesis"
"GO:1901214",0.662745098039216,0.835567776630198,0.0450442767152794,0.382400070020596,0.869511562390383,16,"regulation of neuron death"
"GO:0097746",0.66490765171504,0.836866527158584,0.0453152441270267,0.391958552990662,0.865815843080103,14,"blood vessel diameter maintenance"
"GO:1904646",0.66469893742621,0.836866527158584,0.0402477565068868,0.341436203579493,0.875880833599841,33,"cellular response to amyloid-beta"
"GO:0032006",0.665359477124183,0.836919859225742,0.0448645113168564,0.38198020809268,0.868556869048118,16,"regulation of TOR signaling"
"GO:0008361",0.667919799498747,0.839350365812761,0.0427591434738678,0.376335540165741,0.880164345157766,19,"regulation of cell size"
"GO:0017015",0.668367346938776,0.839350365812761,0.11776578836269,-0.290658536661484,-0.858922645282909,20,"regulation of transforming growth factor beta receptor signaling pathway"
"GO:0070723",0.668523676880223,0.839350365812761,0.0475434194201301,0.417214681181281,0.852682250021766,10,"response to cholesterol"
"GO:0030878",0.669014084507042,0.839450453488272,0.0943563635421779,-0.343883481911479,-0.84560759968931,10,"thyroid gland development"
"GO:0000289",0.676229508196721,0.839528625902588,0.102821842840815,-0.314081712265307,-0.845271390667123,14,"nuclear-transcribed mRNA poly(A) tail shortening"
"GO:0001659",0.674911660777385,0.839528625902588,0.0940503465727813,-0.322271648667911,-0.825354038909793,11,"temperature homeostasis"
"GO:0001942",0.676178660049628,0.839528625902588,0.0417397034728504,0.369335666354187,0.872605213021399,20,"hair follicle development"
"GO:0002819",0.676880222841226,0.839528625902588,0.0469758727821845,0.416422750051384,0.851063741258385,10,"regulation of adaptive immune response"
"GO:0009653",0.674367436743674,0.839528625902588,0.0363018462359236,0.317870882494327,0.882295983672165,56,"anatomical structure morphogenesis"
"GO:0010942",0.676434676434676,0.839528625902588,0.0409883873374721,0.364075113533408,0.881736418480234,23,"positive regulation of cell death"
"GO:0014066",0.6765899864682,0.839528625902588,0.0456790414930062,0.404697724618051,0.863072486970057,12,"regulation of phosphatidylinositol 3-kinase signaling"
"GO:0016079",0.676056338028169,0.839528625902588,0.0937465422491719,-0.33835218273915,-0.832006165301481,10,"synaptic vesicle exocytosis"
"GO:0021954",0.670375521557719,0.839528625902588,0.0473534245254193,0.413015292373768,0.859231337812441,11,"central nervous system neuron development"
"GO:0030838",0.674603174603175,0.839528625902588,0.0376923295943841,0.329403365511983,0.876711497155337,41,"positive regulation of actin filament polymerization"
"GO:0032088",0.674866310160428,0.839528625902588,0.0349401058848478,0.310656781617031,0.885245338397061,70,"negative regulation of NF-kappaB transcription factor activity"
"GO:0043303",0.672823218997362,0.839528625902588,0.044774889329693,0.389125009321377,0.859556694039451,14,"mast cell degranulation"
"GO:0045766",0.671548117154812,0.839528625902588,0.0341204536062472,0.311821815538208,0.91015737830058,92,"positive regulation of angiogenesis"
"GO:0051898",0.672839506172839,0.839528625902588,0.130777137971974,-0.279693896525293,-0.874999165872928,27,"negative regulation of protein kinase B signaling"
"GO:0060213",0.676,0.839528625902588,0.101350743797099,-0.310104210046767,-0.813658881767689,13,"positive regulation of nuclear-transcribed mRNA poly(A) tail shortening"
"GO:0060828",0.674447174447175,0.839528625902588,0.0414044273760278,0.364480684241682,0.874629194679816,22,"regulation of canonical Wnt signaling pathway"
"GO:0061436",0.676880222841226,0.839528625902588,0.0469758727821845,0.41641464482923,0.851047176215554,10,"establishment of skin barrier"
"GO:0070989",0.670212765957447,0.839528625902588,0.0453152441270267,0.396255018411443,0.863422481913882,13,"oxidative demethylation"
"GO:2000811",0.672,0.839528625902588,0.101713902282311,-0.312097528651368,-0.818888999045302,13,"negative regulation of anoikis"
"GO:0051603",0.678571428571429,0.840606060606061,0.0396787203613389,0.347306913850145,0.863653221723769,27,"proteolysis involved in cellular protein catabolic process"
"GO:0071901",0.678191489361702,0.840606060606061,0.044774889329693,0.393144543168883,0.856644891400002,13,"negative regulation of protein serine/threonine kinase activity"
"GO:0006661",0.681093394077449,0.840670044813465,0.0374584205912161,0.328832063090741,0.873374431335648,42,"phosphatidylinositol biosynthetic process"
"GO:0007212",0.679324894514768,0.840670044813465,0.104343952581949,-0.294867696056036,-0.837022453690846,16,"dopamine receptor signaling pathway"
"GO:0019369",0.680628272251309,0.840670044813465,0.118287526124085,-0.276369452088119,-0.832230515902005,21,"arachidonic acid metabolic process"
"GO:0042100",0.680661577608142,0.840670044813465,0.0425877779273254,0.370771815237056,0.851795837625085,17,"B cell proliferation"
"GO:0045776",0.680738786279683,0.840670044813465,0.0442407423477375,0.385405486824907,0.85134046433464,14,"negative regulation of blood pressure"
"GO:0046685",0.681502086230876,0.840670044813465,0.0466015072985992,0.407012079808923,0.846742336900105,11,"response to arsenic-containing substance"
"GO:0046847",0.680327868852459,0.840670044813465,0.102449405629826,-0.312004441787455,-0.839680943222918,14,"filopodium assembly"
"GO:0045657",0.682451253481894,0.841333149648367,0.0466015072985992,0.414494442072881,0.847122763004241,10,"positive regulation of monocyte differentiation"
"GO:0009409",0.683014354066986,0.841519794884219,0.0395979123961192,0.350171935588565,0.866527559334889,26,"response to cold"
"GO:0010765",0.68567454798331,0.841985440938321,0.0463227785794633,0.404230696481457,0.840955985252708,11,"positive regulation of sodium ion transport"
"GO:0034260",0.68564650059312,0.841985440938321,0.0390355298112393,0.338448817347423,0.857361208906952,31,"negative regulation of GTPase activity"
"GO:0042326",0.68586387434555,0.841985440938321,0.0435378240914002,0.382230580963311,0.855478020457936,15,"negative regulation of phosphorylation"
"GO:0046777",0.685540950455005,0.841985440938321,0.0314928902471297,0.306480502895663,0.920730842580684,153,"protein autophosphorylation"
"GO:0050775",0.685185185185185,0.841985440938321,0.109684061970549,-0.29219805178844,-0.838228086924929,17,"positive regulation of dendrite morphogenesis"
"GO:0071277",0.685368536853685,0.841985440938321,0.0355420211253902,0.314270067543873,0.872301408063974,56,"cellular response to calcium ion"
"GO:0010043",0.689272503082614,0.844141998981943,0.0405756447890657,0.357922171082189,0.853282496795014,21,"response to zinc ion"
"GO:0030325",0.688212927756654,0.844141998981943,0.0972150808846466,-0.314227160835937,-0.816541225454901,12,"adrenal gland development"
"GO:0045765",0.689272503082614,0.844141998981943,0.0405756447890657,0.357556265810511,0.852410182674701,21,"regulation of angiogenesis"
"GO:0071361",0.68904593639576,0.844141998981943,0.0928481214159878,-0.318316552607848,-0.815224837284572,11,"cellular response to ethanol"
"GO:0021983",0.690140845070423,0.844193828440421,0.0925528864684773,-0.336216897285018,-0.826755510057783,10,"pituitary gland development"
"GO:0060135",0.68979057591623,0.844193828440421,0.0432768714901103,0.380493966984803,0.851591269468809,15,"maternal process involved in female pregnancy"
"GO:0001523",0.691292875989446,0.844814603020026,0.0435378240914002,0.380792253835155,0.841150075121621,14,"retinoid metabolic process"
"GO:0007140",0.691474966170501,0.844814603020026,0.0446854397644147,0.398963724871579,0.850843959057911,12,"male meiotic nuclear division"
"GO:0008150",0.693,0.846172043010753,0.0304180507344859,0.306426253658516,0.94331437319041,358,"biological_process"
"GO:0001707",0.6996336996337,0.846685187715383,0.0394366509525593,0.353077632354732,0.855102135316302,23,"mesoderm formation"
"GO:0006687",0.696078431372549,0.846685187715383,0.112378519110475,-0.284861490791096,-0.833493508449964,19,"glycosphingolipid metabolic process"
"GO:0007173",0.699292452830189,0.846685187715383,0.0378487722705029,0.33236848922912,0.850087352543774,32,"epidermal growth factor receptor signaling pathway"
"GO:0007205",0.697201017811705,0.846685187715383,0.041488040200221,0.366321626506317,0.84157215804182,17,"protein kinase C-activating G protein-coupled receptor signaling pathway"
"GO:0040037",0.6991643454039,0.846685187715383,0.0454967810085007,0.408595617363536,0.835067043604801,10,"negative regulation of fibroblast growth factor receptor signaling pathway"
"GO:0046597",0.697889182058048,0.846685187715383,0.0431036828790402,0.37767501579828,0.834264260133312,14,"negative regulation of viral entry into host cell"
"GO:0048008",0.697619047619048,0.846685187715383,0.0383995813369433,0.341874572917266,0.850144539457203,27,"platelet-derived growth factor receptor signaling pathway"
"GO:0050709",0.694181326116374,0.846685187715383,0.0445070537769277,0.398493314494516,0.849840745475696,12,"negative regulation of protein secretion"
"GO:0061001",0.69683257918552,0.846685187715383,0.107140237276725,-0.277788196004195,-0.818647073815983,18,"regulation of dendritic spine morphogenesis"
"GO:0061158",0.696335078534031,0.846685187715383,0.042845050912155,0.378001063042265,0.84601185056261,15,"3'-UTR-mediated mRNA destabilization"
"GO:0090023",0.697994987468672,0.846685187715383,0.0407403526717903,0.3644914935597,0.852463779007588,19,"positive regulation of neutrophil chemotaxis"
"GO:0090336",0.699582753824757,0.846685187715383,0.0454059226590179,0.400832029034295,0.833885444206587,11,"positive regulation of brown fat cell differentiation"
"GO:1900034",0.696335078534031,0.846685187715383,0.042845050912155,0.378012989608611,0.846038543652794,15,"regulation of cellular response to heat"
"GO:1904706",0.695488721804511,0.846685187715383,0.0409055783172035,0.364718040403732,0.852993621218443,19,"negative regulation of vascular associated smooth muscle cell proliferation"
"GO:1990253",0.6991643454039,0.846685187715383,0.0454967810085007,0.407744134926162,0.833326826893111,10,"cellular response to leucine starvation"
"GO:0031643",0.700261780104712,0.84694383345209,0.0425877779273254,0.375582277437026,0.84059831741132,15,"positive regulation of myelination"
"GO:0062009",0.700704225352113,0.846977786291968,0.0916795246008379,-0.333273575620596,-0.819517898195967,10,"secondary palate development"
"GO:0018146",0.703180212014134,0.84846537978565,0.0916795246008379,-0.311563093448069,-0.797928885818859,11,"keratan sulfate biosynthetic process"
"GO:0032495",0.703180212014134,0.84846537978565,0.0916795246008379,-0.311734944204645,-0.798369004323281,11,"response to muramyl dipeptide"
"GO:0035633",0.702702702702703,0.84846537978565,0.0395172228473919,0.35346431038274,0.848193658825332,22,"maintenance of blood-brain barrier"
"GO:2000637",0.703755215577191,0.848658206867125,0.0451344222209097,0.399046876792459,0.830171638017628,11,"positive regulation of gene silencing by miRNA"
"GO:0007417",0.707188160676533,0.851521172941074,0.0321428397352941,0.301444304017781,0.866564108709035,78,"central nervous system development"
"GO:0070830",0.706666666666667,0.851521172941074,0.03863723737086,0.347718393377456,0.844962962952728,24,"bicellular tight junction assembly"
"GO:0090303",0.707379134860051,0.851521172941074,0.0408229003677776,0.363428017475901,0.834924500300503,17,"positive regulation of wound healing"
"GO:0007601",0.708636836628512,0.851794276296074,0.0312771255290148,0.304292687801502,0.888993201760698,94,"visual perception"
"GO:0007626",0.709750566893424,0.851794276296074,0.0353157046479879,0.321704273873899,0.856915081140787,40,"locomotory behavior"
"GO:0032717",0.710084033613445,0.851794276296074,0.101350743797099,-0.297435293595355,-0.818461121348557,15,"negative regulation of interleukin-8 production"
"GO:0040029",0.710106382978723,0.851794276296074,0.0426733861156084,0.38483829185523,0.838545930399113,13,"regulation of gene expression, epigenetic"
"GO:0050862",0.708860759493671,0.851794276296074,0.101713902282311,-0.289093725290398,-0.820632244649856,16,"positive regulation of T cell receptor signaling pathway"
"GO:0097503",0.709016393442623,0.851794276296074,0.0999276973731092,-0.303402517725729,-0.816531042957708,14,"sialylation"
"GO:0060546",0.711772665764547,0.853292274969345,0.0433636987883266,0.393182126054412,0.838513919706925,12,"negative regulation of necroptotic process"
"GO:0051090",0.712418300653595,0.853565654475936,0.0417397034728504,0.36750885425625,0.8356515155435,16,"regulation of DNA-binding transcription factor activity"
"GO:0090557",0.713091922005571,0.853872225295482,0.0445961615888961,0.403684220633591,0.825029379535594,10,"establishment of endothelial intestinal barrier"
"GO:0008016",0.714095744680851,0.854573596093477,0.0424170054438747,0.383838772433351,0.836368020972452,13,"regulation of heart contraction"
"GO:0050868",0.716272600834492,0.855675742902222,0.0443293451680314,0.391637739514407,0.814757770654829,11,"negative regulation of T cell activation"
"GO:0060766",0.715877437325905,0.855675742902222,0.0444181153081573,0.402244178548265,0.822086294402625,10,"negative regulation of androgen receptor signaling pathway"
"GO:1901222",0.715832205683356,0.855675742902222,0.0431036828790402,0.39037909145951,0.832536070335105,12,"regulation of NIK/NF-kappaB signaling"
"GO:0007096",0.717663421418637,0.856336271675245,0.0442407423477375,0.390443271389144,0.812272815583686,11,"regulation of exit from mitosis"
"GO:0070328",0.717277486910995,0.856336271675245,0.041488040200221,0.370578533339981,0.829399336198906,15,"triglyceride homeostasis"
"GO:0038095",0.718085106382979,0.856339531765933,0.115734447701689,-0.274982689023192,-0.825547883451462,22,"Fc-epsilon receptor signaling pathway"
"GO:0043277",0.719895287958115,0.857997649321509,0.0413209506074822,0.369233110291323,0.826388117568925,15,"apoptotic cell clearance"
"GO:0006906",0.721254355400697,0.858616134210265,0.0356933083353341,0.32176376124535,0.830433901735359,34,"vesicle fusion"
"GO:0008203",0.720879120879121,0.858616134210265,0.0330894161454377,0.304955586428119,0.845127645860974,55,"cholesterol metabolic process"
"GO:0050872",0.724381625441696,0.86183704447196,0.0899860794997137,-0.306942210180284,-0.786094569383761,11,"white fat cell differentiation"
"GO:0097028",0.725304465493911,0.862433000273155,0.0425023180036553,0.386902781672523,0.825122370798828,12,"dendritic cell differentiation"
"GO:0010506",0.726877040261153,0.863298471989423,0.0322153154599285,0.302424178442597,0.850681694269195,63,"regulation of autophagy"
"GO:0030154",0.726726726726727,0.863298471989423,0.0280810636309052,0.302551543040142,0.931330611660392,334,"cell differentiation"
"GO:0001779",0.727748691099476,0.863831779679053,0.0408229003677776,0.366767755322003,0.820870356578781,15,"natural killer cell differentiation"
"GO:0001764",0.728342245989305,0.863985289035889,0.0312771255290148,0.300198761353792,0.851510646066063,67,"neuron migration"
"GO:0043113",0.728723404255319,0.863985289035889,0.114750719227023,-0.273923075537026,-0.822366731671005,22,"receptor clustering"
"GO:0007271",0.72936400541272,0.864243493949913,0.0422468188360053,0.383712720035517,0.818319134054077,12,"synaptic transmission, cholinergic"
"GO:0050848",0.730717185385656,0.865345264732492,0.0421619430092452,0.38224711944092,0.815193543092878,12,"regulation of calcium-mediated signaling"
"GO:0001916",0.731675392670157,0.865477142718635,0.0405756447890657,0.365790306002772,0.818682707420499,15,"positive regulation of T cell mediated cytotoxicity"
"GO:0007015",0.7315296566077,0.865477142718635,0.0297064584935533,0.299254997327859,0.874275554038041,94,"actin filament organization"
"GO:0061640",0.734096692111959,0.867839004440049,0.0391155247681459,0.354548390375453,0.814524812155415,17,"cytoskeleton-dependent cytokinesis"
"GO:0030500",0.735372340425532,0.868112402210319,0.0410713282497468,0.373213318902026,0.81321561902621,13,"regulation of bone mineralization"
"GO:0031668",0.735602094240838,0.868112402210319,0.0403295396423143,0.362724177503779,0.811820343001154,15,"cellular response to extracellular stimulus"
"GO:0043434",0.735191637630662,0.868112402210319,0.0347904098478036,0.317418106514901,0.819218285037461,34,"response to peptide hormone"
"GO:0016525",0.740131578947368,0.872518584764161,0.0317090865085553,0.300814911535378,0.83944432679148,59,"negative regulation of angiogenesis"
"GO:0050708",0.740189445196211,0.872518584764161,0.0415717899246479,0.377480287227135,0.805027630404332,12,"regulation of protein secretion"
"GO:0051279",0.742895805142084,0.874699899602776,0.0414044273760278,0.375472405483129,0.800745551744325,12,"regulation of release of sequestered calcium ion into cytosol"
"GO:0098719",0.742895805142084,0.874699899602776,0.0414044273760278,0.376454585996907,0.802840184175184,12,"sodium ion import across plasma membrane"
"GO:0061053",0.744089012517385,0.875600426934678,0.0425877779273254,0.37987645920407,0.790289764743095,11,"somite development"
"GO:0030534",0.747899159663866,0.876777085230058,0.0982123351217438,-0.288378784336367,-0.79354006832215,15,"adult behavior"
"GO:0034341",0.746928746928747,0.876777085230058,0.0366850427613443,0.33663768616577,0.807815505950955,22,"response to interferon-gamma"
"GO:0044344",0.745992601726264,0.876777085230058,0.0369160593316849,0.341619547773003,0.81441722315323,21,"cellular response to fibroblast growth factor stimulus"
"GO:0051604",0.748091603053435,0.876777085230058,0.0382416816260774,0.347173880033252,0.797582917017043,17,"protein maturation"
"GO:0060339",0.748091603053435,0.876777085230058,0.0382416816260774,0.347025731774679,0.797242567333441,17,"negative regulation of type I interferon-mediated signaling pathway"
"GO:0090026",0.745901639344262,0.876777085230058,0.096887770327544,-0.295950221664623,-0.79647507532495,14,"positive regulation of monocyte chemotaxis"
"GO:1903779",0.746955345060893,0.876777085230058,0.0411544018789903,0.374664419901007,0.79902241350218,12,"regulation of cardiac conduction"
"GO:0009612",0.748524203069658,0.87678135878188,0.0347156757446657,0.317944739264541,0.815618555812797,33,"response to mechanical stimulus"
"GO:0006900",0.751329787234043,0.879563622626794,0.0400845633477088,0.367837011746224,0.801500879143285,13,"vesicle budding from membrane"
"GO:0009311",0.752100840336134,0.879962288292535,0.0978773277424561,-0.288007062244179,-0.792517190113162,15,"oligosaccharide metabolic process"
"GO:0032502",0.753824756606398,0.880970727560593,0.0419926218968594,0.377214400429548,0.784751654255657,11,"developmental process"
"GO:0033540",0.753824756606398,0.880970727560593,0.0419926218968594,0.377221144120993,0.784765683738654,11,"fatty acid beta-oxidation using acyl-CoA oxidase"
"GO:0001568",0.755856966707768,0.88102039706978,0.0363018462359236,0.338445166003707,0.806849532127843,21,"blood vessel development"
"GO:0007043",0.75462962962963,0.88102039706978,0.103576326612592,-0.278509779360635,-0.798960561559038,17,"cell-cell junction assembly"
"GO:0010977",0.75645342312009,0.88102039706978,0.0317812506835949,0.304125606391997,0.817648672694514,45,"negative regulation of neuron projection development"
"GO:0030030",0.756410256410256,0.88102039706978,0.0336033244336697,0.310380223334595,0.804801333748636,35,"cell projection organization"
"GO:0034383",0.754874651810585,0.88102039706978,0.0419926218968594,0.38915063712,0.795326377100109,10,"low-density lipoprotein particle clearance"
"GO:0051281",0.755441741357234,0.88102039706978,0.0380842053196415,0.349310478456836,0.806091032884932,18,"positive regulation of release of sequestered calcium ion into cytosol"
"GO:2000649",0.757042253521127,0.881204080977895,0.0873098257637931,-0.318629848779788,-0.783509054050468,10,"regulation of sodium ion transmembrane transporter activity"
"GO:0031529",0.757780784844384,0.881561709858806,0.0404934829859503,0.369593410884975,0.788207802752775,12,"ruffle organization"
"GO:0031648",0.758698092031425,0.882126791872715,0.031636972118622,0.305378530634571,0.819283854109477,44,"protein destabilization"
"GO:0007528",0.759305210918114,0.882308062961773,0.0363783055518278,0.33630782350796,0.794572489761927,20,"neuromuscular junction development"
"GO:0009058",0.759717314487632,0.882308062961773,0.0873098257637931,-0.29513152024949,-0.755846793394203,11,"biosynthetic process"
"GO:0010818",0.760445682451253,0.882538018656887,0.0416556773979467,0.387153149482864,0.791244012960858,10,"T cell chemotaxis"
"GO:0030595",0.760778859527121,0.882538018656887,0.0415717899246479,0.375188924691681,0.780537882368541,11,"leukocyte chemotaxis"
"GO:0001932",0.761565836298932,0.882949840836652,0.0341204536062472,0.319046984684245,0.808212333642787,31,"regulation of protein phosphorylation"
"GO:0002028",0.76319350473613,0.884335330884722,0.0401660980049421,0.367366429228106,0.783458463974444,12,"regulation of sodium ion transport"
"GO:0030100",0.767025089605735,0.884888387824126,0.0341204536062472,0.322071613842986,0.808568403173268,29,"regulation of endocytosis"
"GO:0030168",0.766666666666667,0.884888387824126,0.143758989039275,-0.249609641857365,-0.870657955093061,41,"platelet activation"
"GO:0031054",0.767732962447844,0.884888387824126,0.0411544018789903,0.372172840087776,0.774263261411349,11,"pre-miRNA processing"
"GO:0032007",0.767272727272727,0.884888387824126,0.0347904098478036,0.32918156189265,0.799918075039209,24,"negative regulation of TOR signaling"
"GO:0035721",0.768,0.884888387824126,0.0937465422491719,-0.290365689451695,-0.761868476881819,13,"intraciliary retrograde transport"
"GO:0042552",0.766550522648084,0.884888387824126,0.0327971189467838,0.310228316588726,0.8006622945246,34,"myelination"
"GO:0046037",0.766016713091922,0.884888387824126,0.0413209506074822,0.38344920880663,0.783674086464464,10,"GMP metabolic process"
"GO:0048278",0.765903307888041,0.884888387824126,0.0371479221137289,0.341909440372124,0.785488611014008,17,"vesicle docking"
"GO:0090263",0.765575501583949,0.884888387824126,0.0281514818960232,0.287097598701796,0.827271118376208,79,"positive regulation of canonical Wnt signaling pathway"
"GO:2000249",0.765685019206146,0.884888387824126,0.0374584205912161,0.345913189380161,0.798251232965607,18,"regulation of actin cytoskeleton reorganization"
"GO:0006665",0.769230769230769,0.885807150595883,0.100990587455923,-0.260816594283044,-0.768631442169848,18,"sphingolipid metabolic process"
"GO:0010906",0.772087067861716,0.886895961277796,0.0370705393657621,0.342242586506814,0.78978071678024,18,"regulation of glucose metabolic process"
"GO:0032367",0.77112676056338,0.886895961277796,0.0862865626267245,-0.315126864153846,-0.774895234029727,10,"intracellular cholesterol transport"
"GO:0034394",0.771531100478469,0.886895961277796,0.0338984188001938,0.318460347358203,0.788054779653952,26,"protein localization to cell surface"
"GO:0035518",0.771312584573748,0.886895961277796,0.0396787203613389,0.363116053212664,0.774393963793062,12,"histone H2A monoubiquitination"
"GO:0045022",0.772727272727273,0.886895961277796,0.035090109926935,0.328767453540743,0.788929634846175,22,"early endosome to late endosome transport"
"GO:0071560",0.77277970011534,0.886895961277796,0.0320704174637537,0.306711627192206,0.80035718439512,36,"cellular response to transforming growth factor beta stimulus"
"GO:0006493",0.774764150943396,0.888674480655613,0.0330162512586498,0.312898708121901,0.800290168958681,32,"protein O-linked glycosylation"
"GO:0016575",0.778554778554779,0.892521574518209,0.0322153154599285,0.306740019094152,0.795362455213298,35,"histone deacetylation"
"GO:0033674",0.782608695652174,0.893798727066183,0.16440575583821,-0.230909624898885,-0.835575741079896,51,"positive regulation of kinase activity"
"GO:0042147",0.782422293676313,0.893798727066183,0.0277995594097672,0.286842619174737,0.818221800022552,71,"retrograde transport, endosome to Golgi"
"GO:0045671",0.781699346405229,0.893798727066183,0.0374584205912161,0.342803864346503,0.779476645141133,16,"negative regulation of osteoclast differentiation"
"GO:0045820",0.782729805013928,0.893798727066183,0.0403295396423143,0.377133449309979,0.77076625684794,10,"negative regulation of glycolytic process"
"GO:0050900",0.781049935979513,0.893798727066183,0.0365314928349125,0.338421867956919,0.780963784130943,18,"leukocyte migration"
"GO:1900181",0.780784844384303,0.893798727066183,0.0391155247681459,0.360002232258275,0.767753320588012,12,"negative regulation of protein localization to nucleus"
"GO:1990869",0.781641168289291,0.893798727066183,0.0403295396423143,0.367620529305868,0.764792696627182,11,"cellular response to chemokine"
"GO:0001921",0.784844384303112,0.894713843566961,0.038875878582578,0.358928516359117,0.765463476600725,12,"positive regulation of receptor recycling"
"GO:0007266",0.784580498866213,0.894713843566961,0.0304894126298511,0.301189517635551,0.801619960753414,41,"Rho protein signal transduction"
"GO:0060079",0.78397212543554,0.894713843566961,0.0317090865085553,0.305566775539772,0.788631412903875,34,"excitatory postsynaptic potential"
"GO:0006952",0.78675645342312,0.896393640354993,0.0298484971250709,0.297459607462983,0.799726981584211,45,"defense response"
"GO:0043393",0.787545787545788,0.896793086208128,0.0338984188001938,0.319898122568391,0.774746238858542,23,"regulation of protein binding"
"GO:0001525",0.793731041456016,0.897337526955806,0.0239329549624917,0.28604529353343,0.859339245540636,153,"angiogenesis"
"GO:0007035",0.791376912378303,0.897337526955806,0.03975964750879,0.364215596764056,0.757709121764258,11,"vacuolar acidification"
"GO:0010811",0.790726817042607,0.897337526955806,0.0349401058848478,0.328544990383602,0.768392977682878,19,"positive regulation of cell-substrate adhesion"
"GO:0030334",0.789473684210526,0.897337526955806,0.0274480081801021,0.286189190777394,0.809771114405535,66,"regulation of cell migration"
"GO:0035729",0.792963464140731,0.897337526955806,0.0383995813369433,0.356156580676155,0.759551949853513,12,"cellular response to hepatocyte growth factor stimulus"
"GO:0042632",0.793406593406593,0.897337526955806,0.0283628487151644,0.28541014666937,0.790961097596993,55,"cholesterol homeostasis"
"GO:0043401",0.789893617021277,0.897337526955806,0.037770500132479,0.349338494331949,0.761193412801052,13,"steroid hormone mediated signaling pathway"
"GO:0043652",0.792963464140731,0.897337526955806,0.0383995813369433,0.356475627405564,0.760232360039834,12,"engulfment of apoptotic cell"
"GO:0045721",0.788903924221922,0.897337526955806,0.03863723737086,0.357997830705184,0.763478663904568,12,"negative regulation of gluconeogenesis"
"GO:0045954",0.791208791208791,0.897337526955806,0.0336769978828608,0.319540100124572,0.773879161116574,23,"positive regulation of natural killer cell mediated cytotoxicity"
"GO:0071285",0.792253521126761,0.897337526955806,0.0847985102819124,-0.310604651341616,-0.763775137477899,10,"cellular response to lithium ion"
"GO:1902894",0.791610284167794,0.897337526955806,0.0384786917635432,0.356627488489754,0.760556224286241,12,"negative regulation of pri-miRNA transcription by RNA polymerase II"
"GO:2000311",0.790874524714829,0.897337526955806,0.0891647117820678,-0.284183700005201,-0.738471194021673,12,"regulation of AMPA receptor activity"
"GO:0034333",0.795264623955432,0.898574290417304,0.0395979123961192,0.371104481036457,0.758444556618644,10,"adherens junction assembly"
"GO:0007628",0.799498746867168,0.899800352999045,0.0344174840212229,0.323640913752914,0.756923443356271,19,"adult walking behavior"
"GO:0010467",0.8,0.899800352999045,0.0319257308349884,0.309442514964394,0.76949526292073,27,"gene expression"
"GO:0010592",0.800239234449761,0.899800352999045,0.0321428397352941,0.310602116551976,0.768608979265168,26,"positive regulation of lamellipodium assembly"
"GO:0032870",0.800751879699248,0.899800352999045,0.0343431191135615,0.323448017852502,0.756472303148267,19,"cellular response to hormone stimulus"
"GO:0035455",0.798050139275766,0.899800352999045,0.0394366509525593,0.369596025189083,0.755361650901243,10,"response to interferon-alpha"
"GO:0042759",0.798975672215109,0.899800352999045,0.0354665010333725,0.332393978285267,0.767053443298901,18,"long-chain fatty acid biosynthetic process"
"GO:0043507",0.797202797202797,0.899800352999045,0.0310617758113358,0.303015374816745,0.785704627630111,35,"positive regulation of JUN kinase activity"
"GO:0060271",0.799595141700405,0.899800352999045,0.0235793094960052,0.288602059386585,0.869590086909799,173,"cilium assembly"
"GO:0060395",0.800715990453461,0.899800352999045,0.0319980480340634,0.308732556999868,0.778756822948921,30,"SMAD protein signal transduction"
"GO:0070542",0.798429319371728,0.899800352999045,0.0365314928349125,0.340120781412214,0.761231223482497,15,"response to fatty acid"
"GO:0048172",0.80250347705146,0.901273135765486,0.0391155247681459,0.359757956807078,0.748435508863132,11,"regulation of short-term neuronal synaptic plasticity"
"GO:0048705",0.804668304668305,0.903208135498086,0.0331626424471441,0.317649263420876,0.762249774729394,22,"skeletal system morphogenesis"
"GO:0006044",0.806495263870095,0.903436590183578,0.0376142599562161,0.351804427223001,0.750270395557566,12,"N-acetylglucosamine metabolic process"
"GO:0032480",0.806675938803894,0.903436590183578,0.038875878582578,0.358623567141817,0.746075540194463,11,"negative regulation of type I interferon production"
"GO:0086091",0.805860805860806,0.903436590183578,0.0327971189467838,0.315105652850357,0.763139581529389,23,"regulation of heart rate by cardiac conduction"
"GO:0090316",0.807081807081807,0.903436590183578,0.0327241935806629,0.314040632900829,0.760560259732871,23,"positive regulation of intracellular protein transport"
"GO:2000573",0.806495263870095,0.903436590183578,0.0376142599562161,0.351995858224232,0.750678647989604,12,"positive regulation of DNA biosynthetic process"
"GO:0006623",0.809840425531915,0.903934761770249,0.0366082221336689,0.339575713236557,0.739920736640234,13,"protein targeting to vacuole"
"GO:0007032",0.809917355371901,0.903934761770249,0.030918431706181,0.304474505074896,0.781063579430321,33,"endosome organization"
"GO:0032967",0.808823529411765,0.903934761770249,0.102821842840815,-0.262401782679728,-0.767777286645049,19,"positive regulation of collagen biosynthetic process"
"GO:0046330",0.810180275715801,0.903934761770249,0.025411808387565,0.279736270215255,0.801085202349642,76,"positive regulation of JNK cascade"
"GO:0098962",0.809457579972184,0.903934761770249,0.0387166740042594,0.357857989326496,0.744482842629497,11,"regulation of postsynaptic neurotransmitter receptor activity"
"GO:0099072",0.809859154929577,0.903934761770249,0.0835990603684159,-0.298755666121229,-0.734638547679309,10,"regulation of postsynaptic membrane neurotransmitter receptor levels"
"GO:0045071",0.811188811188811,0.90456624662844,0.0302041948644786,0.299519063585732,0.776638856906421,35,"negative regulation of viral genome replication"
"GO:0045445",0.812,0.904977099236641,0.0905428948469474,-0.282025729640121,-0.739985889821007,13,"myoblast differentiation"
"GO:0070986",0.813261163734777,0.905888729522552,0.0372254009247509,0.349552815160004,0.745468529115799,12,"left/right axis specification"
"GO:0001894",0.813984168865435,0.906200240283742,0.035996889024589,0.334427041214868,0.738731757296627,14,"tissue homeostasis"
"GO:0006801",0.815159574468085,0.906488736751085,0.0363018462359236,0.337479462715606,0.735353097762702,13,"superoxide metabolic process"
"GO:0017156",0.815573770491803,0.906488736751085,0.0916795246008379,-0.274164614655722,-0.737844631036663,14,"calcium-ion regulated exocytosis"
"GO:0071404",0.815159574468085,0.906488736751085,0.0363018462359236,0.33635100154276,0.732894229858623,13,"cellular response to low-density lipoprotein particle stimulus"
"GO:0010718",0.816132858837485,0.906617154056424,0.0307752597613667,0.300613603890557,0.761516748279595,31,"positive regulation of epithelial to mesenchymal transition"
"GO:0070509",0.816753926701571,0.906814245615432,0.0354665010333725,0.335542192164119,0.750983789965851,15,"calcium ion import"
"GO:0030198",0.817792068595927,0.907473934967468,0.0254820564855004,0.277558177622868,0.79173782598609,71,"extracellular matrix organization"
"GO:0031623",0.818396226415094,0.907651593484782,0.0303467275556782,0.298052873459791,0.762319492756834,32,"receptor internalization"
"GO:0032486",0.82033426183844,0.909120999606942,0.0381628909049257,0.360203679937524,0.736166051025886,10,"Rap protein signal transduction"
"GO:0045807",0.820610687022901,0.909120999606942,0.0338984188001938,0.321274859722984,0.738083578630847,17,"positive regulation of endocytosis"
"GO:0035264",0.822052401746725,0.91022486953971,0.0261841515946199,0.27855840250145,0.780273557665881,61,"multicellular organism growth"
"GO:0050727",0.822633297062024,0.910374910229982,0.0259735747969448,0.278298505701262,0.782819169954266,63,"regulation of inflammatory response"
"GO:0000423",0.824512534818941,0.911960833966405,0.0379271467108098,0.35830620949113,0.732288096959169,10,"mitophagy"
"GO:0007411",0.826086956521739,0.913208079572977,0.231126709673834,-0.208526794754425,-0.889740728663491,89,"axon guidance"
"GO:0006896",0.828690807799443,0.915591357374087,0.0376923295943841,0.35722873893143,0.730086017160406,10,"Golgi to vacuole transport"
"GO:0006813",0.831541218637993,0.918244327874693,0.0302041948644786,0.296850971018595,0.745251382923659,29,"potassium ion transport"
"GO:0031638",0.835883171070932,0.921730396728603,0.0372254009247509,0.349494713289232,0.727083998105624,11,"zymogen activation"
"GO:0042178",0.835151515151515,0.921730396728603,0.0307037368093842,0.304475464122578,0.745426052752099,25,"xenobiotic catabolic process"
"GO:1904659",0.836501901140684,0.921730396728603,0.0860347242455604,-0.274948137670659,-0.714471940213218,12,"glucose transmembrane transport"
"GO:1990573",0.836065573770492,0.921730396728603,0.107554375265169,-0.238766978249922,-0.725072826228802,23,"potassium ion import across plasma membrane"
"GO:0048013",0.839677047289504,0.924730541303742,0.0279402790995263,0.290713505912483,0.758610441957388,36,"ephrin receptor signaling pathway"
"GO:0016042",0.841269841269841,0.924799333636226,0.0269562963008323,0.282440793956486,0.752329998467971,40,"lipid catabolic process"
"GO:0032963",0.841225626740947,0.924799333636226,0.036993251998507,0.351226191338176,0.717818314180283,10,"collagen metabolic process"
"GO:0060037",0.841549295774648,0.924799333636226,0.0815265143256594,-0.290002002537959,-0.713113336843384,10,"pharyngeal system development"
"GO:0071639",0.840324763193505,0.924799333636226,0.0356933083353341,0.335505458261266,0.715510645697027,12,"positive regulation of monocyte chemotactic protein-1 production"
"GO:0006897",0.842799188640974,0.925675196981274,0.020635764771317,0.276595726838747,0.830767932265857,157,"endocytosis"
"GO:1903204",0.844106463878327,0.926544879252736,0.0855356947987884,-0.267803657351765,-0.695906509079549,12,"negative regulation of oxidative stress-induced neuron death"
"GO:2000379",0.844497607655502,0.926544879252736,0.0294936424723046,0.295963159997633,0.732383748157129,26,"positive regulation of reactive oxygen species metabolic process"
"GO:0042475",0.84688995215311,0.928671170708668,0.0293519190331994,0.294928244655336,0.729822770035991,26,"odontogenesis of dentin-containing tooth"
"GO:0001503",0.849330357142857,0.929077502489142,0.0256225253207008,0.275032643635171,0.743644294792261,46,"ossification"
"GO:0001569",0.850785340314136,0.929077502489142,0.0335297167141207,0.322313177204377,0.72137566310733,15,"branching involved in blood vessel morphogenesis"
"GO:0001736",0.850974930362117,0.929077502489142,0.0364548541965309,0.342970355390067,0.700945454500196,10,"establishment of planar polarity"
"GO:0006468",0.851148851148851,0.929077502489142,0.0190794888813551,0.285852628872736,0.882440683288629,399,"protein phosphorylation"
"GO:0014912",0.84958217270195,0.929077502489142,0.0365314928349125,0.345829687565965,0.706789212889525,10,"negative regulation of smooth muscle cell migration"
"GO:0035020",0.84958217270195,0.929077502489142,0.0365314928349125,0.343968533113386,0.702985479613002,10,"regulation of Rac protein signal transduction"
"GO:0042476",0.850980392156863,0.929077502489142,0.0334561741060507,0.315531062471281,0.717463014840254,16,"odontogenesis"
"GO:0046834",0.851150202976996,0.929077502489142,0.035090109926935,0.329517376975912,0.702740254630444,12,"lipid phosphorylation"
"GO:0055072",0.851351351351351,0.929077502489142,0.0304180507344859,0.29684026361386,0.712315280172656,22,"iron ion homeostasis"
"GO:0001837",0.851981351981352,0.929268881243267,0.0277292221875017,0.292098616003469,0.75739798502658,35,"epithelial to mesenchymal transition"
"GO:0001675",0.852573018080668,0.929418266110338,0.0363018462359236,0.344008952742885,0.715671497260763,11,"acrosome assembly"
"GO:0002862",0.866666666666667,0.932101547243503,0.0325785172778622,0.305133921389979,0.693821715858512,16,"negative regulation of inflammatory response to antigenic stimulus"
"GO:0003151",0.860606060606061,0.932101547243503,0.0292103127923884,0.293938189593921,0.714275943794071,24,"outflow tract morphogenesis"
"GO:0006641",0.866004962779156,0.932101547243503,0.0300618095810087,0.290777820631088,0.687001731022538,20,"triglyceride metabolic process"
"GO:0006654",0.85799522673031,0.932101547243503,0.0285743975105342,0.288839648797636,0.728578318481083,30,"phosphatidic acid biosynthetic process"
"GO:0006887",0.86587982832618,0.932101547243503,0.0223699288741888,0.26711063307155,0.761283560787313,72,"exocytosis"
"GO:0007031",0.857320099255583,0.932101547243503,0.0305608138615649,0.295266167682426,0.697606054925256,20,"peroxisome organization"
"GO:0008360",0.86734693877551,0.932101547243503,0.0192297089064582,0.263898735245625,0.783872811128956,120,"regulation of cell shape"
"GO:0009952",0.863532110091743,0.932101547243503,0.0261841515946199,0.280400561733051,0.735793508936176,37,"anterior/posterior pattern specification"
"GO:0015918",0.865359477124183,0.932101547243503,0.0326513265618535,0.307221832507546,0.698569264303967,16,"sterol transport"
"GO:0019933",0.863867684478371,0.932101547243503,0.0314209215415833,0.301096664285304,0.691727026761841,17,"cAMP-mediated signaling"
"GO:0030048",0.866035182679296,0.932101547243503,0.0342688261591917,0.323634733161134,0.690194723192203,12,"actin filament-based movement"
"GO:0030574",0.86734693877551,0.932101547243503,0.100990587455923,-0.231364399286045,-0.683703028789775,20,"collagen catabolic process"
"GO:0032511",0.865724381625442,0.932101547243503,0.0802023444698144,-0.265711605314448,-0.680500898971324,11,"late endosome to vacuole transport via multivesicular body sorting pathway"
"GO:0032720",0.861952861952862,0.932101547243503,0.0251307059474849,0.275053889755508,0.737927484353363,44,"negative regulation of tumor necrosis factor production"
"GO:0033077",0.865454545454545,0.932101547243503,0.0289274314524646,0.289413984660846,0.703282031254316,24,"T cell differentiation in thymus"
"GO:0034612",0.864242424242424,0.932101547243503,0.0289981119993578,0.290710385421554,0.706432312196608,24,"response to tumor necrosis factor"
"GO:0035584",0.860130718954248,0.932101547243503,0.0329431471724691,0.30974943592998,0.704316596936058,16,"calcium-mediated signaling using intracellular calcium source"
"GO:0042116",0.858657243816254,0.932101547243503,0.0806388495950661,-0.267099348707444,-0.684054980191667,11,"macrophage activation"
"GO:0042574",0.864902506963788,0.932101547243503,0.0356933083353341,0.333607577574584,0.681810283054272,10,"retinal metabolic process"
"GO:0042987",0.857712765957447,0.932101547243503,0.0338984188001938,0.320962702975019,0.69936379535446,13,"amyloid precursor protein catabolic process"
"GO:0046427",0.865139949109415,0.932101547243503,0.0313490001730997,0.299214802972733,0.687403716393683,17,"positive regulation of receptor signaling pathway via JAK-STAT"
"GO:0050680",0.859410430839002,0.932101547243503,0.0258331720982323,0.275770414338065,0.734562286453678,40,"negative regulation of epithelial cell proliferation"
"GO:0060100",0.855633802816901,0.932101547243503,0.0806388495950661,-0.287245608583226,-0.706335379196497,10,"positive regulation of phagocytosis, engulfment"
"GO:0060173",0.860606060606061,0.932101547243503,0.0292103127923884,0.293450540865364,0.713090947192195,24,"limb development"
"GO:0060307",0.863699582753825,0.932101547243503,0.0356933083353341,0.339340967801503,0.705960285545042,11,"regulation of ventricular cardiac muscle cell membrane repolarization"
"GO:0060765",0.859042553191489,0.932101547243503,0.0338245444462164,0.319745173437713,0.69671085135108,13,"regulation of androgen receptor signaling pathway"
"GO:2000406",0.865691489361702,0.932101547243503,0.0334561741060507,0.316241735968597,0.689077013205783,13,"positive regulation of T cell migration"
"GO:0008206",0.869257950530035,0.933664346234047,0.0799858801499946,-0.263172943310143,-0.673999256809067,11,"bile acid metabolic process"
"GO:0048681",0.869718309859155,0.933668185584093,0.0797705918628453,-0.279304399276756,-0.686807988980054,10,"negative regulation of axon regeneration"
"GO:0030879",0.872,0.934155136268344,0.0865399737444125,-0.267430652074487,-0.701690974413134,13,"mammary gland development"
"GO:0034765",0.871710526315789,0.934155136268344,0.0232248320654428,0.263837047178013,0.729126717141926,52,"regulation of ion transmembrane transport"
"GO:0098609",0.871685382327731,0.934155136268344,0.143902565267782,-0.206330298396802,-0.931496135171558,108,"cell-cell adhesion"
"GO:2000601",0.871866295264624,0.934155136268344,0.0353157046479879,0.328422091382888,0.671212448814898,10,"positive regulation of Arp2/3 complex-mediated actin nucleation"
"GO:0010803",0.875,0.934381054024711,0.0329431471724691,0.310646140105942,0.676884452750931,13,"regulation of tumor necrosis factor-mediated signaling pathway"
"GO:0030335",0.87525354969574,0.934381054024711,0.0182442460385585,0.271720343085201,0.816562491697619,169,"positive regulation of cell migration"
"GO:0032725",0.876216968011127,0.934381054024711,0.0350150690873584,0.332904820139816,0.692570612407453,11,"positive regulation of granulocyte macrophage colony-stimulating factor production"
"GO:0035115",0.876325088339223,0.934381054024711,0.0795564677235957,-0.260002473841995,-0.665879523684566,11,"embryonic forelimb morphogenesis"
"GO:0044255",0.875,0.934381054024711,0.0329431471724691,0.310650067657819,0.676893010715959,13,"cellular lipid metabolic process"
"GO:0071300",0.875,0.934381054024711,0.0269562963008323,0.278290896699695,0.711774970488838,32,"cellular response to retinoic acid"
"GO:0086005",0.873239436619718,0.934381054024711,0.0795564677235957,-0.272855003547729,-0.670948960184734,10,"ventricular cardiac muscle cell action potential"
"GO:0140042",0.876216968011127,0.934381054024711,0.0350150690873584,0.332507510660416,0.691744055227093,11,"lipid droplet formation"
"GO:1903428",0.876216968011127,0.934381054024711,0.0350150690873584,0.331045907531883,0.688703356166623,11,"positive regulation of reactive oxygen species biosynthetic process"
"GO:0007193",0.88135593220339,0.934383571277868,0.106323255932708,-0.233899863012195,-0.719403910612063,25,"adenylate cyclase-inhibiting G protein-coupled receptor signaling pathway"
"GO:0008045",0.881045751633987,0.934383571277868,0.0317812506835949,0.299994806202779,0.682136257549141,16,"motor neuron axon guidance"
"GO:0030036",0.877157360406091,0.934383571277868,0.0181674946847152,0.266405599155373,0.794992323180916,136,"actin cytoskeleton organization"
"GO:0045921",0.87843137254902,0.934383571277868,0.0319257308349884,0.300242269432754,0.682698946096029,16,"positive regulation of exocytosis"
"GO:0050804",0.877993158494869,0.934383571277868,0.0249900772245545,0.271422034841682,0.717520443477461,38,"modulation of chemical synaptic transmission"
"GO:0061462",0.878213802435724,0.934383571277868,0.0336033244336697,0.316035197330416,0.673987687940335,12,"protein localization to lysosome"
"GO:0061484",0.879581151832461,0.934383571277868,0.0319257308349884,0.307417589378372,0.68803754569445,15,"hematopoietic stem cell homeostasis"
"GO:0070544",0.880222841225627,0.934383571277868,0.0348652196832942,0.321497860127277,0.657061055412373,10,"histone H3-K36 demethylation"
"GO:0120163",0.881118881118881,0.934383571277868,0.0259735747969448,0.279350694669218,0.724343224055976,35,"negative regulation of cold-induced thermogenesis"
"GO:1902902",0.879581151832461,0.934383571277868,0.0319257308349884,0.309026854170516,0.691639273885079,15,"negative regulation of autophagosome assembly"
"GO:1905564",0.881147540983607,0.934383571277868,0.0873098257637931,-0.248216804031297,-0.668012669751542,14,"positive regulation of vascular endothelial cell proliferation"
"GO:0070507",0.882142857142857,0.934733022291343,0.0270265157079683,0.283107775503801,0.704008278149067,27,"regulation of microtubule cytoskeleton organization"
"GO:0006955",0.884769539078156,0.935757016177121,0.0166782153543946,0.270920460684984,0.827060137925334,234,"immune response"
"GO:0009755",0.885856079404467,0.935757016177121,0.0289274314524646,0.281446392077529,0.664954975340501,20,"hormone-mediated signaling pathway"
"GO:0016242",0.883905013192612,0.935757016177121,0.0320704174637537,0.304907728042926,0.673525145969741,14,"negative regulation of macroautophagy"
"GO:0030837",0.884967320261438,0.935757016177121,0.0315649069021069,0.296735665884981,0.6747255366525,16,"negative regulation of actin filament polymerization"
"GO:0035249",0.884967320261438,0.935757016177121,0.0315649069021069,0.295113556806551,0.671037141409588,16,"synaptic transmission, glutamatergic"
"GO:0051592",0.885813148788927,0.935757016177121,0.0251307059474849,0.277078257663428,0.723029564254621,36,"response to calcium ion"
"GO:0030511",0.887272727272727,0.936285727695124,0.0276588991389961,0.280870717638588,0.682521713842554,24,"positive regulation of transforming growth factor beta receptor signaling pathway"
"GO:0051209",0.887272727272727,0.936285727695124,0.0276588991389961,0.280947799762814,0.68270902501538,24,"release of sequestered calcium ion into cytosol"
"GO:0009888",0.889025893958076,0.937332711010354,0.0284333438791734,0.279794601442599,0.667027234962444,21,"tissue development"
"GO:0030194",0.889182058047493,0.937332711010354,0.0317812506835949,0.302123879002638,0.667375769752706,14,"positive regulation of blood coagulation"
"GO:0000045",0.891832229580574,0.937424903449381,0.0222983800506052,0.26078798518397,0.723398118397334,57,"autophagosome assembly"
"GO:0001958",0.890052356020942,0.937424903449381,0.0313490001730997,0.300760568456485,0.673138332067822,15,"endochondral ossification"
"GO:0007613",0.892938496583144,0.937424903449381,0.0240035948793451,0.267699376122241,0.711006670676006,42,"memory"
"GO:0032874",0.892445582586428,0.937424903449381,0.0301329841082956,0.291623145497154,0.672968081591638,18,"positive regulation of stress-activated MAPK cascade"
"GO:0046928",0.890845070422535,0.937424903449381,0.0785029047348687,-0.267512611160227,-0.657812046546769,10,"regulation of neurotransmitter secretion"
"GO:0050830",0.891352549889135,0.937424903449381,0.0225842720346634,0.255331253284056,0.698820326258085,48,"defense response to Gram-positive bacterium"
"GO:0071711",0.890459363957597,0.937424903449381,0.0787113806986485,-0.257125294520426,-0.658510921502089,11,"basement membrane organization"
"GO:0097352",0.892551892551893,0.937424903449381,0.0277292221875017,0.278192593432326,0.673741576566835,23,"autophagosome maturation"
"GO:0031629",0.894297635605007,0.937960239631736,0.0340463727579649,0.322999159308968,0.671963011757395,11,"synaptic vesicle fusion to presynaptic active zone membrane"
"GO:0042953",0.894366197183099,0.937960239631736,0.0782955249944794,-0.266491732769252,-0.655301712171391,10,"lipoprotein transport"
"GO:0048260",0.895424836601307,0.938588905647729,0.0309900819310557,0.291173895034009,0.662079032529149,16,"positive regulation of receptor-mediated endocytosis"
"GO:0003094",0.897887323943662,0.938838143953234,0.0780892306943345,-0.265655977236698,-0.653246593891557,10,"glomerular filtration"
"GO:0007041",0.897567221510884,0.938838143953234,0.0298484971250709,0.289810198917812,0.668784410986728,18,"lysosomal transport"
"GO:0016055",0.897959183673469,0.938838143953234,0.0169176756264572,0.256728014719824,0.762991977880676,122,"Wnt signaling pathway"
"GO:0031274",0.897887323943662,0.938838143953234,0.0780892306943345,-0.264563074199409,-0.650559151305137,10,"positive regulation of pseudopodium assembly"
"GO:0042755",0.897540983606557,0.938838143953234,0.0862865626267245,-0.244945259310066,-0.65920813561869,14,"eating behavior"
"GO:0018108",0.898864809081527,0.939304534643478,0.0176259777744384,0.253345614797706,0.745117570686993,100,"peptidyl-tyrosine phosphorylation"
"GO:0006024",0.900128040973111,0.940143952861032,0.0297064584935533,0.288949163260995,0.66679743045004,18,"glycosaminoglycan biosynthetic process"
"GO:0007611",0.90080738177624,0.940338671153713,0.024215353215022,0.268242754187768,0.699973514018675,36,"learning or memory"
"GO:0008202",0.901234567901235,0.940338671153713,0.110564716336619,-0.228982923635492,-0.716354091631317,27,"steroid metabolic process"
"GO:0035329",0.902777777777778,0.940637080099488,0.0928481214159878,-0.232106969125407,-0.665844893561437,17,"hippo signaling"
"GO:0042733",0.903301886792453,0.940637080099488,0.0252712808055621,0.267684819802379,0.684648175612987,32,"embryonic digit morphogenesis"
"GO:0045667",0.902642559109875,0.940637080099488,0.0336033244336697,0.315832531754754,0.657053658291038,11,"regulation of osteoblast differentiation"
"GO:0048704",0.903361344537815,0.940637080099488,0.0873098257637931,-0.244391605429256,-0.672499302318596,15,"embryonic skeletal system morphogenesis"
"GO:0010717",0.905424200278164,0.942151587202269,0.0334561741060507,0.314873986819854,0.655059514582621,11,"regulation of epithelial to mesenchymal transition"
"GO:0051403",0.905737704918033,0.942151587202269,0.0857844408075645,-0.241179765084882,-0.649074261483472,14,"stress-activated MAPK cascade"
"GO:0046512",0.906630581867388,0.942600665990306,0.0320704174637537,0.296727097181086,0.632810559923922,12,"sphingosine biosynthetic process"
"GO:0042730",0.908,0.943544483985765,0.0843144320642653,-0.256976646251424,-0.674261502602018,13,"fibrinolysis"
"GO:0002040",0.909090909090909,0.94419807834442,0.0263947139776277,0.272321290763807,0.661746427860426,24,"sprouting angiogenesis"
"GO:0070555",0.912114014251782,0.946856803012007,0.0251307059474849,0.272876290400511,0.682699120677728,28,"response to interleukin-1"
"GO:0050801",0.912928759894459,0.947221515342271,0.0304894126298511,0.289980589808246,0.640551882146766,14,"ion homeostasis"
"GO:0030216",0.913978494623656,0.947829549980088,0.0253415500976615,0.270265127269919,0.678506993468211,29,"keratinocyte differentiation"
"GO:0002062",0.914919852034525,0.94832463365039,0.0269562963008323,0.269075372101362,0.641472710780959,21,"chondrocyte differentiation"
"GO:0010469",0.915492957746479,0.948437711927928,0.0770736734944102,-0.257787716469915,-0.633898583734902,10,"regulation of signaling receptor activity"
"GO:0070914",0.917827298050139,0.950374365356882,0.0328701032730105,0.300524623234615,0.614197015313785,10,"UV-damage excision repair"
"GO:0034220",0.920600858369099,0.952281454709736,0.018625883535806,0.251795179943887,0.71763347258968,72,"ion transmembrane transport"
"GO:0072659",0.920408163265306,0.952281454709736,0.0151147394041638,0.246657475232781,0.732176651041127,118,"protein localization to plasma membrane"
"GO:0014068",0.922992299229923,0.954272260812323,0.0200480391102353,0.245981670098057,0.683670095309551,58,"positive regulation of phosphatidylinositol 3-kinase signaling"
"GO:0010763",0.925531914893617,0.956414172923434,0.0302041948644786,0.285635052519424,0.622386378743213,13,"positive regulation of fibroblast migration"
"GO:0006811",0.927252985884908,0.956505833467979,0.0189287891242153,0.243427823335772,0.685074026192002,64,"ion transport"
"GO:0007399",0.927492447129909,0.956505833467979,0.0134461833974729,0.259713197633054,0.786003837536842,201,"nervous system development"
"GO:0042472",0.926289926289926,0.956505833467979,0.0261139619405561,0.262243492516262,0.629294842185469,22,"inner ear morphogenesis"
"GO:0043408",0.927380952380952,0.956505833467979,0.0243564001293776,0.264320058267283,0.657288584779661,27,"regulation of MAPK cascade"
"GO:0055088",0.928489042675894,0.957050732843937,0.0225128737259091,0.254921551859039,0.665212132175468,36,"lipid homeostasis"
"GO:0007492",0.931849791376912,0.958923508353,0.0320704174637537,0.288787749429069,0.600790064841537,11,"endoderm development"
"GO:0035176",0.930817610062893,0.958923508353,0.109684061970549,-0.189868804664723,-0.631346145680332,31,"social behavior"
"GO:0043542",0.932182490752158,0.958923508353,0.0259735747969448,0.259196375607366,0.617921292413275,21,"endothelial cell migration"
"GO:0048009",0.93218085106383,0.958923508353,0.0298484971250709,0.277663652638714,0.605017044477308,13,"insulin-like growth factor receptor signaling pathway"
"GO:0015012",0.933694181326116,0.959512773569925,0.0306322550486472,0.280624052138752,0.598468644249464,12,"heparan sulfate proteoglycan biosynthetic process"
"GO:1902018",0.933240611961057,0.959512773569925,0.0319980480340634,0.287177769137077,0.597440683969491,11,"negative regulation of cilium assembly"
"GO:0030513",0.934699103713188,0.960062797984802,0.0277995594097672,0.267120921325671,0.616425193792727,18,"positive regulation of BMP signaling pathway"
"GO:0045165",0.935714285714286,0.960622802611753,0.0238622865877092,0.260321081562462,0.647344270465759,27,"cell fate commitment"
"GO:0001778",0.937325905292479,0.961311666040054,0.0318534652552707,0.286881101541968,0.586313076181613,10,"plasma membrane repair"
"GO:1905515",0.936936936936937,0.961311666040054,0.134273452883202,-0.19558934332617,-0.712599592890488,45,"non-motile cilium assembly"
"GO:0001658",0.93848167539267,0.961862235561086,0.0287155399266326,0.272249935876037,0.609328106678591,15,"branching involved in ureteric bud morphogenesis"
"GO:2000786",0.938803894297636,0.961862235561086,0.0317090865085553,0.283794536453597,0.5904022531936,11,"positive regulation of autophagosome assembly"
"GO:0006821",0.939858490566038,0.962460297954399,0.0230827802358481,0.248233279028162,0.634897644694718,32,"chloride transport"
"GO:0010975",0.940813810110974,0.962956148155649,0.0254820564855004,0.25324002447968,0.603721417209532,21,"regulation of neuron projection development"
"GO:0007264",0.941361256544503,0.963019691664014,0.0153676328786693,0.237428489448103,0.69045743278581,87,"small GTPase mediated signal transduction"
"GO:0046329",0.941818181818182,0.963019691664014,0.0244973552519294,0.253980935257815,0.621803817884321,25,"negative regulation of JNK cascade"
"GO:0010842",0.94297635605007,0.963721835883171,0.0314928902471297,0.281605644179526,0.585848511790544,11,"retina layer formation"
"GO:0007268",0.946058091286307,0.965423234442941,0.0142522226913804,0.241131997701001,0.707009195565261,98,"chemical synaptic transmission"
"GO:0008217",0.945790080738178,0.965423234442941,0.0214353576364558,0.243829220898559,0.636266940703006,36,"regulation of blood pressure"
"GO:0045579",0.945757997218359,0.965423234442941,0.0313490001730997,0.280344584074188,0.583225019679285,11,"positive regulation of B cell differentiation"
"GO:0045747",0.947743467933492,0.966660503221585,0.0230116943194552,0.252014749836725,0.630506402219208,28,"positive regulation of Notch signaling pathway"
"GO:0009312",0.951127819548872,0.968179911931222,0.0257629629837414,0.247464134013519,0.578763056415341,19,"oligosaccharide biosynthetic process"
"GO:0010529",0.950819672131147,0.968179911931222,0.083129129135339,-0.218205461638492,-0.58724474175857,14,"negative regulation of transposition"
"GO:0045197",0.950261780104712,0.968179911931222,0.0280810636309052,0.265103642486203,0.593333842411876,15,"establishment or maintenance of epithelial cell apical/basal polarity"
"GO:0070593",0.949860724233983,0.968179911931222,0.0312052969963336,0.280395844134996,0.573058835314321,10,"dendrite self-avoidance"
"GO:0007130",0.955145118733509,0.971301802333977,0.0282219183873982,0.266176940951064,0.587970872888487,14,"synaptonemal complex assembly"
"GO:0008542",0.954869358669834,0.971301802333977,0.0225842720346634,0.248926470425145,0.62277994992979,28,"visual learning"
"GO:0061512",0.955741626794258,0.971425104508933,0.0229405670056901,0.245009029610831,0.606293808459663,26,"protein localization to cilium"
"GO:0022008",0.957040572792363,0.971759665810402,0.0227269260340067,0.242444133649033,0.611548795170329,30,"neurogenesis"
"GO:0030199",0.957497048406139,0.971759665810402,0.0220834140571177,0.239244501914414,0.613730095327129,33,"collagen fibril organization"
"GO:0035725",0.957001102535832,0.971759665810402,0.0178589946943486,0.226459465566398,0.624373884496885,53,"sodium ion transmembrane transport"
"GO:0010812",0.958776595744681,0.972575365608996,0.0284333438791734,0.247269938623904,0.538790461166255,13,"negative regulation of cell-substrate adhesion"
"GO:0007519",0.95952380952381,0.972850529100529,0.0224414263839237,0.243861095748449,0.606412981133772,27,"skeletal muscle tissue development"
"GO:0007224",0.9609375,0.973800818046604,0.0183973177537706,0.231874586149748,0.626951807678172,46,"smoothened signaling pathway"
"GO:0019082",0.961995249406176,0.973907028125915,0.0221551238181839,0.242583547852258,0.60691082602503,28,"viral protein processing"
"GO:0090090",0.961538461538462,0.973907028125915,0.199915231309662,-0.198384595122328,-0.837029225860559,85,"negative regulation of canonical Wnt signaling pathway"
"GO:0001702",0.964664310954064,0.975642677679419,0.0745500777420554,-0.214967521970361,-0.550542727621369,11,"gastrulation with mouth forming second"
"GO:0015701",0.964373464373464,0.975642677679419,0.0239329549624917,0.236643671868429,0.567864013378323,22,"bicarbonate transport"
"GO:0032482",0.968337730870712,0.978389679634076,0.0275182928235944,0.254924725295796,0.563115319897614,14,"Rab protein signal transduction"
"GO:0045669",0.967889908256881,0.978389679634076,0.019677649030838,0.227840993381075,0.597872996270839,37,"positive regulation of osteoblast differentiation"
"GO:0019915",0.970406905055487,0.979511957497983,0.0237915888102658,0.224652924699958,0.535570087543598,21,"lipid storage"
"GO:0035556",0.96996996996997,0.979511957497983,0.00829069833204511,0.250109268564999,0.768812435804952,318,"intracellular signal transduction"
"GO:0055085",0.972644376899696,0.981285837306505,0.00942834302346016,0.221924146151632,0.662924337432589,132,"transmembrane transport"
"GO:0035641",0.973537604456824,0.981702448697459,0.0299906706583812,0.250318815128139,0.511588925638747,10,"locomotory exploration behavior"
"GO:0051968",0.975409836065574,0.983105377178517,0.0817515582532145,-0.197632512906306,-0.531877860129089,14,"positive regulation of synaptic transmission, glutamatergic"
"GO:0008333",0.976082004555809,0.983297987832466,0.0187018035626708,0.224786410427575,0.597030294229519,42,"endosome to lysosome transport"
"GO:0019373",0.979108635097493,0.98537570169339,0.0297064584935533,0.244722042072848,0.500150524122926,10,"epoxygenase P450 pathway"
"GO:0097067",0.979108635097493,0.98537570169339,0.0297064584935533,0.242664601847516,0.49594563191814,10,"cellular response to thyroid hormone stimulus"
"GO:0007179",0.979591836734694,0.985376827896513,0.0142522226913804,0.2155757894877,0.609970791762331,66,"transforming growth factor beta receptor signaling pathway"
"GO:2000785",0.981530343007916,0.986841131878101,0.0268158762373842,0.229452526681302,0.506848571920726,14,"regulation of autophagosome assembly"
"GO:0006497",0.986072423398329,0.990806014612787,0.0293519190331994,0.232593036200542,0.475361875774208,10,"protein lipidation"
"GO:0043010",0.986928104575163,0.990806014612787,0.0260437699289678,0.217794142490192,0.495226177929103,16,"camera-type eye development"
"GO:0044782",0.986807387862797,0.990806014612787,0.0265350909115755,0.218980554919603,0.483716536682851,14,"cilium organization"
"GO:0046889",0.989174560216509,0.992573785509349,0.0277292221875017,0.208231508700388,0.444081780418182,12,"positive regulation of lipid biosynthetic process"
"GO:0042572",0.990498812351544,0.992927696148384,0.0204160330522345,0.199976258333675,0.500313220765502,28,"retinol metabolic process"
"GO:0050808",0.990476190476191,0.992927696148384,0.020562605901185,0.197404976460502,0.490889864570849,27,"synapse organization"
"GO:0010862",0.991515151515151,0.993459298871064,0.0215798086475871,0.195895766966997,0.479597949679997,25,"positive regulation of pathway-restricted SMAD protein phosphorylation"
"GO:0010863",0.992957746478873,0.99420690532644,0.0728938564822936,-0.188476012579373,-0.463461483262758,10,"positive regulation of phospholipase C activity"
"GO:2000310",0.993234100135318,0.99420690532644,0.0275182928235944,0.194262444057196,0.414290865795116,12,"regulation of NMDA receptor activity"
"GO:0031069",0.994436717663421,0.994923470829189,0.0288567763564905,0.2051160019226,0.426720511305427,11,"hair follicle morphogenesis"
"GO:0050877",0.996158770806658,0.996158770806658,0.0244268887168729,0.162114354091879,0.374105373857384,18,"nervous system process"
"GO:0002250",NA,NA,NA,-0.261662208414688,NA,223,"adaptive immune response"
"GO:0007155",NA,NA,NA,-0.253478265660059,NA,263,"cell adhesion"
"GO:0007186",NA,NA,NA,-0.215452499238781,NA,260,"G protein-coupled receptor signaling pathway"
